time,I,II,III,AVR,AVL,AVF,V1,V2,V3,V4,V5,V6
0.0,-0.054,-0.138,-0.083,0.096,0.015,-0.11,0.025,-0.035,-0.04,-0.3,-0.184,-0.174
0.01,-0.053,-0.156,-0.103,0.105,0.025,-0.129,0.027,-0.038,-0.043,-0.303,-0.185,-0.176
0.02,-0.063,-0.153,-0.09,0.108,0.014,-0.121,0.032,-0.051,-0.059,-0.312,-0.193,-0.185
0.03,-0.06,-0.161,-0.101,0.11,0.021,-0.131,0.035,-0.056,-0.067,-0.322,-0.196,-0.185
0.04,-0.05,-0.193,-0.144,0.122,0.047,-0.168,0.029,-0.054,-0.063,-0.326,-0.198,-0.185
0.05,-0.054,-0.19,-0.136,0.122,0.041,-0.163,0.022,-0.056,-0.072,-0.329,-0.202,-0.182
0.06,-0.059,-0.182,-0.123,0.121,0.032,-0.152,0.016,-0.054,-0.088,-0.333,-0.204,-0.179
0.07,-0.058,-0.161,-0.103,0.11,0.023,-0.132,0.009,-0.067,-0.099,-0.335,-0.207,-0.18
0.08,-0.054,-0.138,-0.085,0.096,0.016,-0.111,0.002,-0.081,-0.1,-0.33,-0.212,-0.188
0.09,-0.051,-0.134,-0.083,0.092,0.016,-0.108,0.002,-0.078,-0.096,-0.33,-0.21,-0.191
0.1,-0.047,-0.123,-0.077,0.085,0.015,-0.1,0.005,-0.072,-0.093,-0.33,-0.204,-0.19
0.11,-0.043,-0.117,-0.074,0.08,0.016,-0.095,0.009,-0.067,-0.088,-0.325,-0.2,-0.19
0.12,-0.041,-0.108,-0.067,0.074,0.013,-0.087,0.01,-0.061,-0.084,-0.325,-0.194,-0.189
0.13,-0.028,-0.095,-0.068,0.062,0.02,-0.081,0.005,-0.055,-0.088,-0.322,-0.191,-0.191
0.14,-0.018,-0.064,-0.045,0.041,0.014,-0.054,0.005,-0.07,-0.099,-0.313,-0.184,-0.177
0.15,-0.015,-0.018,-0.003,0.017,-0.006,-0.01,0.004,-0.063,-0.075,-0.291,-0.178,-0.167
0.16,-0.003,0.019,0.022,-0.008,-0.013,0.021,0.007,-0.048,-0.058,-0.273,-0.179,-0.17
0.17,0.009,0.022,0.012,-0.016,-0.002,0.017,-0.003,-0.05,-0.052,-0.277,-0.182,-0.17
0.18,0.02,0.007,-0.013,-0.013,0.016,-0.003,-0.039,-0.067,-0.059,-0.288,-0.186,-0.17
0.19,0.029,-0.011,-0.04,-0.009,0.035,-0.026,-0.059,-0.12,-0.11,-0.297,-0.187,-0.17
0.2,-0.006,-0.045,-0.039,0.026,0.016,-0.042,-0.049,-0.119,-0.126,-0.324,-0.192,-0.169
0.21,-0.064,-0.077,-0.013,0.071,-0.026,-0.045,-0.052,-0.115,-0.127,-0.322,-0.198,-0.189
0.22,-0.092,-0.084,0.008,0.088,-0.05,-0.038,-0.045,-0.118,-0.151,-0.363,-0.239,-0.229
0.23,-0.102,-0.045,0.057,0.073,-0.079,0.006,-0.045,-0.145,-0.175,-0.383,-0.245,-0.227
0.24,-0.104,-0.062,0.042,0.083,-0.073,-0.01,-0.042,-0.148,-0.172,-0.38,-0.248,-0.245
0.25,-0.114,-0.013,0.101,0.064,-0.108,0.044,-0.035,-0.154,-0.192,-0.408,-0.262,-0.257
0.26,-0.068,0.017,0.085,0.026,-0.077,0.051,-0.029,-0.145,-0.167,-0.381,-0.274,-0.269
0.27,-0.05,0.017,0.068,0.016,-0.06,0.042,0.17,0.312,0.174,-0.436,-0.359,-0.35
0.28,0.074,0.176,0.102,-0.126,-0.014,0.139,0.286,0.848,0.866,-0.006,-0.116,-0.196
0.29,0.377,0.771,0.393,-0.575,-0.008,0.582,0.025,0.734,1.257,0.963,0.765,0.512
0.3,0.306,1.527,1.221,-0.917,-0.458,1.374,-0.396,-0.553,0.747,2.45,1.841,1.259
0.31,-0.172,1.018,1.191,-0.423,-0.681,1.104,-0.592,-1.758,-0.872,1.79,1.142,0.762
0.32,-0.528,-0.034,0.494,0.281,-0.511,0.23,-0.566,-1.636,-2.332,-1.363,-0.783,-0.412
0.33,-0.466,-0.391,0.075,0.429,-0.27,-0.158,-0.55,-1.117,-1.908,-1.884,-1.115,-0.716
0.34,-0.193,-0.274,-0.081,0.234,-0.056,-0.177,-0.313,-0.475,-0.827,-0.919,-0.64,-0.505
0.35,-0.101,-0.039,0.062,0.07,-0.081,0.011,-0.066,-0.087,-0.257,-0.586,-0.386,-0.328
0.36,-0.118,-0.048,0.069,0.083,-0.093,0.01,-0.011,-0.077,-0.045,-0.343,-0.244,-0.247
0.37,-0.077,-0.039,0.038,0.058,-0.058,-0.001,0.019,-0.035,-0.033,-0.394,-0.258,-0.242
0.38,-0.091,-0.017,0.074,0.054,-0.083,0.028,0.013,-0.045,0.018,-0.327,-0.229,-0.221
0.39,-0.107,-0.021,0.085,0.064,-0.096,0.032,0.015,-0.021,0.03,-0.335,-0.231,-0.221
0.4,-0.07,-0.006,0.064,0.037,-0.067,0.029,0.016,0.002,0.078,-0.293,-0.205,-0.207
0.41,-0.06,0.015,0.076,0.022,-0.068,0.045,0.014,0.002,0.106,-0.267,-0.196,-0.201
0.42,-0.057,0.065,0.123,-0.004,-0.09,0.094,0.016,0.018,0.133,-0.254,-0.182,-0.189
0.43,-0.04,0.078,0.118,-0.019,-0.08,0.098,0.02,0.045,0.182,-0.208,-0.161,-0.18
0.44,-0.03,0.093,0.123,-0.031,-0.076,0.108,0.025,0.079,0.246,-0.178,-0.127,-0.164
0.45,-0.024,0.094,0.118,-0.035,-0.071,0.106,0.015,0.125,0.34,-0.107,-0.078,-0.131
0.46,0.024,0.162,0.138,-0.093,-0.057,0.15,0.012,0.177,0.426,-0.057,-0.06,-0.107
0.47,0.049,0.234,0.185,-0.142,-0.068,0.209,0.005,0.249,0.559,0.027,-0.005,-0.067
0.48,0.078,0.27,0.193,-0.174,-0.058,0.231,0.0,0.342,0.712,0.139,0.076,-0.011
0.49,0.123,0.329,0.206,-0.227,-0.041,0.267,-0.004,0.446,0.864,0.284,0.188,0.074
0.5,0.162,0.388,0.226,-0.275,-0.032,0.307,-0.039,0.531,0.997,0.44,0.313,0.17
0.51,0.233,0.486,0.252,-0.36,-0.01,0.369,-0.087,0.542,1.025,0.558,0.414,0.251
0.52,0.257,0.584,0.327,-0.421,-0.035,0.455,-0.153,0.505,0.998,0.611,0.473,0.302
0.53,0.247,0.609,0.362,-0.429,-0.058,0.485,-0.211,0.439,0.935,0.62,0.48,0.319
0.54,0.236,0.588,0.352,-0.412,-0.058,0.47,-0.222,0.349,0.793,0.581,0.463,0.317
0.55,0.186,0.525,0.339,-0.356,-0.076,0.432,-0.205,0.241,0.621,0.46,0.386,0.252
0.56,0.119,0.432,0.313,-0.276,-0.097,0.372,-0.169,0.155,0.432,0.284,0.252,0.145
0.57,0.061,0.35,0.288,-0.206,-0.114,0.319,-0.13,0.084,0.267,0.122,0.124,0.047
0.58,-0.004,0.272,0.276,-0.134,-0.14,0.273,-0.101,0.013,0.136,-0.016,0.014,-0.034
0.59,-0.033,0.234,0.267,-0.101,-0.15,0.25,-0.086,-0.044,0.028,-0.138,-0.085,-0.107
0.6,-0.023,0.224,0.247,-0.101,-0.135,0.235,-0.079,-0.089,-0.051,-0.221,-0.148,-0.168
0.61,-0.05,0.213,0.263,-0.082,-0.157,0.238,-0.072,-0.122,-0.109,-0.272,-0.18,-0.197
0.62,-0.055,0.208,0.263,-0.077,-0.159,0.236,-0.066,-0.143,-0.136,-0.298,-0.206,-0.214
0.63,-0.063,0.169,0.233,-0.053,-0.148,0.201,-0.059,-0.143,-0.139,-0.309,-0.215,-0.216
0.64,-0.098,0.129,0.227,-0.016,-0.163,0.178,-0.054,-0.137,-0.132,-0.314,-0.22,-0.214
0.65,-0.092,0.13,0.221,-0.019,-0.156,0.175,-0.048,-0.133,-0.127,-0.317,-0.223,-0.215
0.66,-0.094,0.131,0.225,-0.019,-0.159,0.177,-0.044,-0.126,-0.122,-0.322,-0.225,-0.214
0.67,-0.105,0.123,0.228,-0.009,-0.167,0.175,-0.039,-0.121,-0.116,-0.325,-0.229,-0.216
0.68,-0.096,0.134,0.23,-0.019,-0.163,0.182,-0.035,-0.116,-0.111,-0.325,-0.23,-0.222
0.69,-0.108,0.118,0.226,-0.005,-0.167,0.172,-0.03,-0.112,-0.11,-0.325,-0.227,-0.226
0.7,-0.124,0.094,0.218,0.015,-0.172,0.156,-0.026,-0.106,-0.11,-0.325,-0.224,-0.22
0.71,-0.099,0.113,0.212,-0.007,-0.156,0.162,-0.04,-0.103,-0.106,-0.325,-0.221,-0.215
0.72,-0.067,0.106,0.173,-0.02,-0.12,0.139,-0.041,-0.097,-0.104,-0.321,-0.218,-0.211
0.73,-0.057,0.079,0.136,-0.011,-0.096,0.107,-0.031,-0.096,-0.108,-0.317,-0.216,-0.206
0.74,-0.072,0.05,0.122,0.011,-0.097,0.086,-0.026,-0.1,-0.114,-0.311,-0.213,-0.202
0.75,-0.089,0.015,0.104,0.037,-0.097,0.059,-0.019,-0.1,-0.117,-0.308,-0.21,-0.2
0.76,-0.108,-0.008,0.1,0.058,-0.104,0.045,-0.021,-0.105,-0.113,-0.301,-0.21,-0.197
0.77,-0.121,-0.021,0.1,0.071,-0.11,0.039,-0.019,-0.103,-0.122,-0.303,-0.21,-0.194
0.78,-0.103,-0.003,0.099,0.053,-0.101,0.048,-0.015,-0.118,-0.151,-0.328,-0.21,-0.19
0.79,-0.092,0.01,0.102,0.041,-0.097,0.056,-0.015,-0.14,-0.162,-0.336,-0.21,-0.19
0.8,-0.076,0.02,0.096,0.028,-0.087,0.058,-0.017,-0.14,-0.167,-0.334,-0.214,-0.195
0.81,-0.073,0.04,0.113,0.016,-0.093,0.076,-0.021,-0.14,-0.173,-0.335,-0.221,-0.198
0.82,-0.077,0.041,0.117,0.018,-0.097,0.079,-0.024,-0.14,-0.175,-0.335,-0.225,-0.203
0.83,-0.084,0.026,0.111,0.029,-0.098,0.068,-0.026,-0.14,-0.179,-0.335,-0.225,-0.205
0.84,-0.112,-0.006,0.107,0.059,-0.11,0.051,-0.024,-0.14,-0.182,-0.337,-0.225,-0.208
0.85,-0.099,0.022,0.121,0.038,-0.11,0.072,-0.032,-0.148,-0.186,-0.347,-0.225,-0.211
0.86,-0.081,0.075,0.156,0.002,-0.118,0.115,-0.046,-0.152,-0.19,-0.346,-0.224,-0.214
0.87,-0.085,0.071,0.155,0.006,-0.12,0.113,-0.044,-0.15,-0.194,-0.343,-0.231,-0.22
0.88,-0.074,0.078,0.152,-0.002,-0.113,0.115,-0.047,-0.163,-0.193,-0.342,-0.238,-0.218
0.89,-0.065,0.084,0.148,-0.01,-0.107,0.116,-0.049,-0.161,-0.187,-0.337,-0.232,-0.209
0.9,-0.063,0.091,0.154,-0.014,-0.108,0.122,-0.051,-0.151,-0.182,-0.335,-0.222,-0.201
0.91,-0.035,0.125,0.159,-0.045,-0.097,0.142,-0.044,-0.143,-0.18,-0.332,-0.22,-0.192
0.92,-0.015,0.138,0.154,-0.062,-0.085,0.146,-0.015,-0.134,-0.16,-0.323,-0.199,-0.187
0.93,-0.001,0.14,0.142,-0.07,-0.071,0.141,-0.009,-0.121,-0.138,-0.296,-0.171,-0.162
0.94,0.014,0.153,0.139,-0.084,-0.063,0.146,-0.012,-0.112,-0.14,-0.274,-0.169,-0.137
0.95,0.009,0.132,0.123,-0.07,-0.057,0.127,-0.027,-0.118,-0.14,-0.273,-0.17,-0.141
0.96,0.016,0.085,0.07,-0.051,-0.027,0.077,-0.061,-0.122,-0.143,-0.279,-0.17,-0.144
0.97,-0.02,0.024,0.044,-0.002,-0.032,0.034,-0.069,-0.133,-0.146,-0.274,-0.168,-0.147
0.98,-0.064,-0.019,0.045,0.041,-0.054,0.013,-0.03,-0.125,-0.144,-0.29,-0.172,-0.151
0.99,-0.08,-0.036,0.044,0.058,-0.061,0.004,0.008,-0.141,-0.154,-0.295,-0.175,-0.159
1.0,-0.101,-0.079,0.022,0.09,-0.061,-0.028,0.023,-0.128,-0.16,-0.324,-0.192,-0.171
1.01,-0.107,-0.096,0.01,0.102,-0.058,-0.043,0.021,-0.148,-0.161,-0.306,-0.178,-0.155
1.02,-0.094,-0.1,-0.006,0.097,-0.043,-0.053,0.023,-0.133,-0.154,-0.315,-0.198,-0.173
1.03,-0.104,-0.059,0.045,0.081,-0.074,-0.007,0.016,-0.135,-0.179,-0.339,-0.212,-0.18
1.04,-0.086,-0.074,0.012,0.08,-0.049,-0.031,0.022,-0.116,-0.149,-0.318,-0.229,-0.211
1.05,-0.043,-0.034,0.009,0.039,-0.026,-0.013,0.229,0.406,0.246,-0.351,-0.286,-0.272
1.06,0.132,0.124,-0.007,-0.128,0.069,0.058,0.348,0.984,0.978,0.128,0.017,-0.064
1.07,0.426,0.66,0.234,-0.543,0.096,0.447,0.074,0.778,1.302,1.135,0.939,0.681
1.08,0.32,1.335,1.015,-0.828,-0.348,1.175,-0.338,-0.701,0.702,2.645,1.997,1.429
1.09,-0.165,0.798,0.963,-0.317,-0.565,0.881,-0.537,-1.897,-0.985,1.773,1.165,0.859
1.1,-0.51,-0.224,0.286,0.366,-0.398,0.031,-0.549,-1.628,-2.356,-1.382,-0.756,-0.35
1.11,-0.407,-0.489,-0.082,0.448,-0.163,-0.285,-0.495,-1.023,-1.774,-1.702,-0.995,-0.62
1.12,-0.161,-0.337,-0.176,0.249,0.008,-0.256,-0.219,-0.343,-0.676,-0.75,-0.512,-0.38
1.13,-0.106,-0.177,-0.071,0.142,-0.018,-0.124,0.012,0.007,-0.175,-0.474,-0.289,-0.233
1.14,-0.091,-0.151,-0.06,0.121,-0.015,-0.105,0.06,-0.027,-0.018,-0.278,-0.194,-0.182
1.15,-0.064,-0.122,-0.058,0.093,-0.003,-0.09,0.08,0.004,-0.001,-0.319,-0.202,-0.174
1.16,-0.062,-0.097,-0.036,0.08,-0.013,-0.066,0.073,0.005,0.047,-0.242,-0.171,-0.16
1.17,-0.063,-0.074,-0.011,0.069,-0.026,-0.042,0.074,0.032,0.052,-0.263,-0.177,-0.157
1.18,-0.038,-0.032,0.006,0.035,-0.022,-0.012,0.07,0.041,0.092,-0.235,-0.153,-0.146
1.19,-0.046,-0.015,0.031,0.03,-0.038,0.008,0.069,0.05,0.11,-0.223,-0.148,-0.142
1.2,-0.041,-0.021,0.02,0.031,-0.031,0.0,0.073,0.078,0.161,-0.192,-0.126,-0.132
1.21,-0.022,-0.062,-0.04,0.043,0.009,-0.051,0.092,0.122,0.237,-0.125,-0.083,-0.105
1.22,-0.032,-0.071,-0.039,0.052,0.004,-0.055,0.106,0.168,0.309,-0.088,-0.047,-0.071
1.23,-0.011,-0.042,-0.03,0.027,0.01,-0.036,0.1,0.218,0.41,-0.018,-0.001,-0.037
1.24,0.026,0.001,-0.025,-0.013,0.026,-0.012,0.099,0.287,0.516,0.046,0.043,-0.005
1.25,0.055,0.04,-0.015,-0.047,0.034,0.012,0.095,0.384,0.667,0.149,0.104,0.041
1.26,0.076,0.062,-0.014,-0.068,0.045,0.023,0.092,0.501,0.826,0.269,0.19,0.11
1.27,0.117,0.119,0.002,-0.118,0.057,0.06,0.091,0.602,0.978,0.406,0.296,0.193
1.28,0.179,0.161,-0.018,-0.17,0.099,0.071,0.081,0.702,1.113,0.567,0.43,0.298
1.29,0.239,0.192,-0.048,-0.215,0.144,0.071,0.035,0.715,1.155,0.701,0.55,0.411
1.3,0.257,0.261,0.004,-0.259,0.126,0.132,-0.037,0.668,1.129,0.756,0.614,0.47
1.31,0.249,0.302,0.054,-0.276,0.097,0.178,-0.09,0.597,1.042,0.752,0.623,0.468
1.32,0.249,0.285,0.035,-0.267,0.107,0.16,-0.101,0.488,0.895,0.705,0.584,0.455
1.33,0.208,0.199,-0.009,-0.203,0.108,0.094,-0.085,0.392,0.737,0.602,0.519,0.411
1.34,0.135,0.099,-0.036,-0.117,0.085,0.031,-0.045,0.298,0.558,0.439,0.392,0.306
1.35,0.102,0.038,-0.064,-0.069,0.082,-0.013,-0.006,0.212,0.386,0.264,0.258,0.194
1.36,0.062,-0.018,-0.081,-0.022,0.072,-0.049,0.021,0.132,0.242,0.12,0.143,0.098
1.37,0.002,-0.072,-0.075,0.035,0.039,-0.073,0.048,0.068,0.135,0.005,0.048,0.032
1.38,-0.026,-0.156,-0.13,0.091,0.052,-0.143,0.072,0.059,0.082,-0.056,0.012,0.009
1.39,-0.034,-0.248,-0.214,0.141,0.09,-0.231,0.11,0.053,0.053,-0.08,-0.006,-0.008
1.4,-0.045,-0.284,-0.239,0.164,0.097,-0.261,0.127,0.05,0.026,-0.099,-0.016,-0.019
1.41,-0.048,-0.283,-0.234,0.166,0.093,-0.258,0.126,0.047,0.012,-0.116,-0.022,-0.026
1.42,-0.049,-0.277,-0.228,0.163,0.09,-0.252,0.131,0.042,0.007,-0.125,-0.03,-0.031
1.43,-0.053,-0.273,-0.219,0.163,0.083,-0.246,0.126,0.04,0.004,-0.125,-0.037,-0.034
1.44,-0.053,-0.268,-0.216,0.161,0.081,-0.242,0.125,0.039,0.001,-0.124,-0.044,-0.039
1.45,-0.086,-0.262,-0.177,0.175,0.046,-0.219,0.125,0.041,-0.004,-0.129,-0.049,-0.045
1.46,-0.095,-0.256,-0.161,0.176,0.033,-0.208,0.124,0.038,-0.004,-0.136,-0.052,-0.055
1.47,-0.055,-0.248,-0.193,0.152,0.069,-0.221,0.126,0.049,0.0,-0.134,-0.059,-0.06
1.48,-0.053,-0.244,-0.191,0.149,0.069,-0.217,0.124,0.052,0.005,-0.139,-0.066,-0.06
1.49,-0.042,-0.227,-0.185,0.135,0.072,-0.206,0.118,0.04,-0.002,-0.153,-0.063,-0.065
1.5,-0.045,-0.199,-0.154,0.122,0.055,-0.176,0.111,0.033,-0.023,-0.163,-0.077,-0.065
1.51,-0.068,-0.181,-0.113,0.125,0.023,-0.147,0.104,0.023,-0.038,-0.183,-0.092,-0.069
1.52,-0.054,-0.172,-0.118,0.113,0.032,-0.145,0.098,0.009,-0.052,-0.194,-0.092,-0.081
1.53,-0.048,-0.158,-0.11,0.104,0.031,-0.134,0.09,-0.013,-0.072,-0.205,-0.096,-0.085
1.54,-0.054,-0.154,-0.1,0.104,0.023,-0.127,0.097,-0.033,-0.089,-0.212,-0.098,-0.089
1.55,-0.055,-0.178,-0.123,0.117,0.034,-0.15,0.111,-0.041,-0.096,-0.208,-0.102,-0.09
1.56,-0.05,-0.188,-0.138,0.119,0.044,-0.163,0.113,-0.043,-0.101,-0.218,-0.105,-0.09
1.57,-0.047,-0.178,-0.131,0.113,0.042,-0.155,0.11,-0.047,-0.11,-0.228,-0.108,-0.09
1.58,-0.049,-0.176,-0.127,0.113,0.039,-0.151,0.107,-0.05,-0.12,-0.233,-0.112,-0.091
1.59,-0.053,-0.171,-0.118,0.113,0.032,-0.144,0.105,-0.053,-0.125,-0.237,-0.115,-0.095
1.6,-0.051,-0.165,-0.114,0.108,0.031,-0.139,0.101,-0.057,-0.125,-0.241,-0.115,-0.095
1.61,-0.067,-0.171,-0.104,0.119,0.019,-0.137,0.1,-0.06,-0.125,-0.245,-0.115,-0.095
1.62,-0.078,-0.181,-0.103,0.13,0.012,-0.142,0.096,-0.06,-0.125,-0.245,-0.115,-0.095
1.63,-0.056,-0.18,-0.124,0.118,0.034,-0.152,0.09,-0.063,-0.125,-0.245,-0.115,-0.095
1.64,-0.054,-0.176,-0.122,0.115,0.034,-0.148,0.085,-0.069,-0.126,-0.245,-0.119,-0.092
1.65,-0.058,-0.175,-0.117,0.117,0.03,-0.146,0.079,-0.072,-0.131,-0.245,-0.126,-0.089
1.66,-0.06,-0.172,-0.112,0.116,0.027,-0.142,0.073,-0.077,-0.134,-0.245,-0.13,-0.092
1.67,-0.075,-0.168,-0.093,0.122,0.009,-0.13,0.07,-0.082,-0.139,-0.245,-0.13,-0.103
1.68,-0.084,-0.162,-0.078,0.123,-0.003,-0.12,0.07,-0.083,-0.14,-0.245,-0.13,-0.105
1.69,-0.075,-0.159,-0.084,0.117,0.005,-0.121,0.07,-0.076,-0.14,-0.245,-0.13,-0.105
1.7,-0.065,-0.154,-0.089,0.11,0.012,-0.122,0.07,-0.072,-0.14,-0.246,-0.131,-0.11
1.71,-0.073,-0.149,-0.076,0.111,0.001,-0.112,0.07,-0.067,-0.14,-0.244,-0.127,-0.111
1.72,-0.064,-0.135,-0.071,0.1,0.004,-0.103,0.07,-0.062,-0.129,-0.234,-0.126,-0.109
1.73,-0.043,-0.095,-0.051,0.069,0.004,-0.073,0.067,-0.058,-0.119,-0.218,-0.122,-0.1
1.74,-0.037,-0.099,-0.062,0.068,0.013,-0.08,0.061,-0.05,-0.115,-0.222,-0.119,-0.09
1.75,-0.022,-0.081,-0.059,0.052,0.019,-0.069,0.056,-0.044,-0.112,-0.214,-0.119,-0.08
1.76,-0.002,-0.022,-0.02,0.012,0.009,-0.02,0.053,-0.034,-0.114,-0.191,-0.084,-0.069
1.77,0.025,0.022,-0.002,-0.023,0.013,0.01,0.047,-0.029,-0.118,-0.179,-0.062,-0.056
1.78,0.042,0.014,-0.029,-0.028,0.035,-0.008,0.045,-0.012,-0.121,-0.165,-0.069,-0.047
1.79,0.035,-0.081,-0.116,0.023,0.076,-0.098,0.053,-0.023,-0.123,-0.177,-0.073,-0.05
1.8,0.017,-0.12,-0.137,0.052,0.078,-0.128,0.054,-0.088,-0.133,-0.187,-0.076,-0.049
1.81,-0.015,-0.112,-0.097,0.063,0.042,-0.104,0.062,-0.085,-0.141,-0.206,-0.082,-0.057
1.82,-0.03,-0.117,-0.087,0.074,0.028,-0.101,0.061,-0.1,-0.161,-0.22,-0.105,-0.084
1.83,-0.053,-0.144,-0.09,0.099,0.019,-0.117,0.074,-0.099,-0.175,-0.247,-0.132,-0.099
1.84,-0.091,-0.176,-0.084,0.134,-0.003,-0.13,0.082,-0.105,-0.177,-0.241,-0.122,-0.091
1.85,-0.085,-0.227,-0.143,0.156,0.029,-0.185,0.092,-0.09,-0.162,-0.229,-0.126,-0.093
1.86,-0.086,-0.198,-0.112,0.142,0.014,-0.155,0.095,-0.072,-0.167,-0.249,-0.127,-0.087
1.87,-0.087,-0.23,-0.143,0.159,0.028,-0.186,0.096,-0.089,-0.144,-0.206,-0.121,-0.105
1.88,-0.058,-0.246,-0.189,0.152,0.066,-0.217,0.29,0.386,0.197,-0.244,-0.18,-0.171
1.89,0.095,-0.037,-0.132,-0.029,0.113,-0.084,0.411,0.994,0.892,0.137,0.032,-0.041
1.9,0.4,0.513,0.112,-0.456,0.144,0.312,0.161,0.897,1.28,0.999,0.845,0.618
1.91,0.357,1.276,0.918,-0.817,-0.281,1.097,-0.272,-0.55,0.771,2.529,1.968,1.433
1.92,-0.117,0.939,1.056,-0.411,-0.587,0.998,-0.529,-1.978,-0.866,2.104,1.431,1.051
1.93,-0.506,-0.095,0.412,0.3,-0.459,0.158,-0.569,-1.798,-2.387,-1.093,-0.549,-0.201
1.94,-0.464,-0.484,-0.019,0.474,-0.222,-0.251,-0.532,-1.15,-1.961,-1.769,-1.018,-0.612
1.95,-0.187,-0.346,-0.158,0.267,-0.014,-0.252,-0.27,-0.463,-0.798,-0.757,-0.521,-0.38
1.96,-0.099,-0.153,-0.054,0.126,-0.023,-0.103,-0.005,-0.026,-0.243,-0.462,-0.276,-0.21
1.97,-0.092,-0.153,-0.062,0.123,-0.015,-0.107,0.064,-0.03,-0.058,-0.24,-0.15,-0.149
1.98,-0.08,-0.123,-0.044,0.102,-0.018,-0.083,0.083,0.0,-0.048,-0.287,-0.166,-0.157
1.99,-0.087,-0.097,-0.01,0.092,-0.038,-0.053,0.078,0.001,0.004,-0.216,-0.14,-0.13
2.0,-0.075,-0.101,-0.026,0.088,-0.024,-0.063,0.075,0.033,0.032,-0.203,-0.137,-0.109
2.01,-0.074,-0.081,-0.008,0.078,-0.033,-0.044,0.073,0.049,0.063,-0.187,-0.112,-0.094
2.02,-0.067,-0.083,-0.017,0.075,-0.025,-0.05,0.069,0.062,0.095,-0.162,-0.1,-0.087
2.03,-0.062,-0.067,-0.006,0.065,-0.028,-0.036,0.071,0.086,0.132,-0.145,-0.085,-0.079
2.04,-0.041,-0.05,-0.009,0.046,-0.016,-0.029,0.069,0.108,0.193,-0.094,-0.061,-0.067
2.05,-0.007,-0.003,0.004,0.005,-0.006,0.001,0.071,0.154,0.255,-0.065,-0.038,-0.047
2.06,0.0,0.04,0.04,-0.021,-0.02,0.04,0.07,0.194,0.343,-0.007,-0.001,-0.029
2.07,-0.006,0.054,0.061,-0.024,-0.034,0.058,0.07,0.269,0.458,0.055,0.04,0.006
2.08,0.033,0.071,0.038,-0.052,-0.003,0.054,0.082,0.379,0.614,0.165,0.12,0.069
2.09,0.092,0.125,0.033,-0.109,0.029,0.079,0.075,0.488,0.768,0.273,0.192,0.122
2.1,0.137,0.236,0.098,-0.187,0.019,0.167,0.041,0.584,0.902,0.387,0.274,0.183
2.11,0.197,0.33,0.133,-0.264,0.032,0.231,-0.006,0.661,1.019,0.525,0.384,0.27
2.12,0.247,0.369,0.122,-0.309,0.062,0.246,-0.051,0.682,1.078,0.653,0.501,0.377
2.13,0.287,0.411,0.125,-0.349,0.081,0.268,-0.102,0.653,1.065,0.729,0.579,0.449
2.14,0.284,0.434,0.15,-0.359,0.067,0.292,-0.151,0.589,0.989,0.727,0.599,0.468
2.15,0.257,0.401,0.145,-0.329,0.056,0.273,-0.167,0.484,0.851,0.697,0.588,0.461
2.16,0.229,0.323,0.094,-0.276,0.068,0.208,-0.155,0.37,0.685,0.613,0.523,0.412
2.17,0.169,0.184,0.015,-0.177,0.077,0.099,-0.099,0.286,0.519,0.468,0.421,0.332
2.18,0.093,0.039,-0.054,-0.066,0.073,-0.007,-0.04,0.219,0.365,0.322,0.306,0.242
2.19,0.03,-0.074,-0.104,0.022,0.068,-0.089,-0.002,0.148,0.231,0.182,0.191,0.152
2.2,-0.002,-0.167,-0.165,0.085,0.082,-0.166,0.045,0.097,0.134,0.083,0.113,0.088
2.21,-0.037,-0.216,-0.179,0.127,0.071,-0.197,0.071,0.073,0.056,0.001,0.052,0.04
2.22,-0.053,-0.275,-0.222,0.165,0.085,-0.248,0.093,0.057,0.016,-0.046,0.024,0.018
2.23,-0.055,-0.345,-0.29,0.201,0.118,-0.318,0.114,0.053,0.006,-0.05,0.017,0.021
2.24,-0.056,-0.352,-0.296,0.204,0.12,-0.323,0.107,0.056,-0.008,-0.066,0.003,0.018
2.25,-0.054,-0.347,-0.293,0.201,0.119,-0.32,0.114,0.055,-0.01,-0.072,-0.002,0.015
2.26,-0.06,-0.354,-0.293,0.207,0.117,-0.323,0.114,0.06,-0.013,-0.07,-0.01,0.015
2.27,-0.059,-0.343,-0.285,0.201,0.113,-0.314,0.122,0.06,-0.016,-0.07,-0.014,0.018
2.28,-0.051,-0.359,-0.308,0.205,0.129,-0.333,0.145,0.06,-0.004,-0.07,-0.008,0.032
2.29,-0.044,-0.39,-0.345,0.217,0.15,-0.367,0.145,0.071,0.01,-0.07,-0.001,0.041
2.3,-0.043,-0.393,-0.35,0.218,0.154,-0.371,0.147,0.069,0.018,-0.07,0.006,0.044
2.31,-0.039,-0.392,-0.352,0.216,0.157,-0.372,0.155,0.07,0.014,-0.075,0.012,0.049
2.32,-0.05,-0.408,-0.358,0.229,0.155,-0.383,0.165,0.08,0.012,-0.075,0.019,0.048
2.33,-0.034,-0.415,-0.38,0.225,0.173,-0.397,0.166,0.073,0.008,-0.076,0.016,0.042
2.34,-0.027,-0.421,-0.394,0.225,0.184,-0.407,0.161,0.069,0.005,-0.081,0.009,0.037
2.35,-0.05,-0.428,-0.378,0.239,0.164,-0.403,0.16,0.063,0.005,-0.079,0.005,0.033
2.36,-0.038,-0.407,-0.369,0.223,0.166,-0.388,0.155,0.057,-0.007,-0.084,-0.001,0.029
2.37,-0.043,-0.398,-0.355,0.221,0.157,-0.376,0.155,0.053,-0.023,-0.098,-0.006,0.024
2.38,-0.056,-0.394,-0.338,0.225,0.142,-0.366,0.15,0.042,-0.044,-0.107,-0.011,0.02
2.39,-0.038,-0.391,-0.354,0.215,0.158,-0.372,0.143,0.033,-0.056,-0.114,-0.019,0.015
2.4,-0.034,-0.378,-0.344,0.207,0.155,-0.361,0.139,0.013,-0.065,-0.122,-0.027,0.01
2.41,-0.036,-0.348,-0.312,0.192,0.138,-0.33,0.132,-0.008,-0.082,-0.136,-0.035,0.007
2.42,-0.023,-0.332,-0.309,0.178,0.143,-0.32,0.128,-0.021,-0.094,-0.142,-0.043,0.001
2.43,-0.022,-0.32,-0.298,0.171,0.138,-0.309,0.122,-0.027,-0.104,-0.136,-0.042,0.002
2.44,-0.04,-0.326,-0.286,0.183,0.123,-0.306,0.12,-0.023,-0.101,-0.134,-0.034,0.009
2.45,-0.058,-0.328,-0.27,0.193,0.106,-0.298,0.12,-0.037,-0.094,-0.129,-0.028,0.013
2.46,-0.051,-0.338,-0.287,0.195,0.118,-0.312,0.119,-0.035,-0.091,-0.125,-0.021,0.019
2.47,-0.033,-0.396,-0.364,0.215,0.166,-0.38,0.14,-0.015,-0.084,-0.125,-0.014,0.025
2.48,-0.042,-0.428,-0.386,0.235,0.172,-0.407,0.152,-0.01,-0.079,-0.125,-0.009,0.03
2.49,-0.048,-0.421,-0.373,0.235,0.163,-0.397,0.149,-0.002,-0.073,-0.125,-0.003,0.035
2.5,-0.04,-0.441,-0.402,0.241,0.181,-0.421,0.151,0.004,-0.071,-0.125,0.002,0.035
2.51,-0.064,-0.47,-0.405,0.267,0.171,-0.437,0.15,0.011,-0.068,-0.125,0.009,0.035
2.52,-0.077,-0.468,-0.39,0.273,0.157,-0.429,0.15,0.014,-0.072,-0.124,0.005,0.035
2.53,-0.063,-0.443,-0.38,0.253,0.159,-0.411,0.15,0.007,-0.084,-0.12,-0.005,0.035
2.54,-0.067,-0.421,-0.354,0.244,0.144,-0.387,0.15,0.003,-0.078,-0.115,-0.015,0.035
2.55,-0.073,-0.435,-0.362,0.255,0.145,-0.398,0.15,-0.003,-0.07,-0.11,-0.023,0.035
2.56,-0.071,-0.471,-0.4,0.271,0.165,-0.435,0.148,-0.009,-0.066,-0.108,-0.018,0.031
2.57,-0.06,-0.487,-0.428,0.274,0.184,-0.457,0.14,-0.015,-0.056,-0.099,-0.012,0.026
2.58,-0.043,-0.471,-0.428,0.258,0.192,-0.449,0.135,-0.01,-0.063,-0.109,-0.007,0.023
2.59,-0.064,-0.419,-0.355,0.242,0.146,-0.387,0.126,-0.007,-0.076,-0.126,-0.009,0.02
2.6,-0.057,-0.354,-0.298,0.206,0.121,-0.326,0.122,-0.017,-0.071,-0.119,-0.019,0.015
2.61,-0.045,-0.339,-0.294,0.192,0.124,-0.316,0.113,-0.018,-0.062,-0.11,-0.023,0.018
2.62,-0.041,-0.323,-0.282,0.182,0.121,-0.302,0.111,-0.006,-0.059,-0.104,-0.019,0.026
2.63,0.003,-0.273,-0.276,0.136,0.14,-0.274,0.146,0.009,-0.049,-0.094,-0.001,0.035
2.64,-0.009,-0.262,-0.253,0.136,0.122,-0.258,0.148,0.021,-0.037,-0.08,0.031,0.059
2.65,0.001,-0.249,-0.249,0.124,0.125,-0.249,0.129,0.04,-0.004,-0.056,0.045,0.08
2.66,0.051,-0.274,-0.325,0.112,0.188,-0.299,0.125,0.045,0.009,-0.052,0.034,0.079
2.67,0.055,-0.344,-0.399,0.145,0.227,-0.371,0.117,-0.01,-0.047,-0.075,0.028,0.073
2.68,0.032,-0.36,-0.393,0.164,0.213,-0.376,0.122,-0.025,-0.066,-0.098,0.017,0.061
2.69,-0.02,-0.349,-0.329,0.185,0.155,-0.339,0.119,-0.03,-0.075,-0.108,0.002,0.026
2.7,-0.039,-0.357,-0.319,0.198,0.14,-0.338,0.119,-0.041,-0.099,-0.134,-0.031,-0.006
2.71,-0.032,-0.343,-0.311,0.188,0.14,-0.327,0.123,-0.048,-0.106,-0.169,-0.056,-0.005
2.72,-0.041,-0.355,-0.315,0.198,0.137,-0.335,0.12,-0.081,-0.107,-0.147,-0.057,-0.01
2.73,-0.051,-0.352,-0.301,0.202,0.125,-0.326,0.133,-0.039,-0.1,-0.185,-0.07,-0.015
2.74,-0.064,-0.352,-0.288,0.209,0.112,-0.32,0.111,-0.077,-0.118,-0.146,-0.054,-0.015
2.75,-0.046,-0.372,-0.325,0.209,0.14,-0.348,0.228,0.217,0.075,-0.191,-0.128,-0.092
2.76,0.053,-0.247,-0.3,0.097,0.177,-0.273,0.417,0.862,0.692,0.031,-0.038,-0.052
2.77,0.339,0.123,-0.216,-0.23,0.277,-0.047,0.299,1.105,1.259,0.714,0.563,0.429
2.78,0.474,0.932,0.458,-0.703,0.007,0.695,-0.092,0.104,1.129,2.079,1.726,1.326
2.79,0.087,1.034,0.946,-0.561,-0.43,0.99,-0.391,-1.65,-0.159,2.677,1.918,1.437
2.8,-0.416,0.044,0.46,0.186,-0.438,0.251,-0.457,-1.982,-1.982,-0.054,0.108,0.271
2.81,-0.501,-0.562,-0.061,0.532,-0.22,-0.312,-0.504,-1.35,-2.211,-1.813,-0.968,-0.492
2.82,-0.24,-0.526,-0.286,0.383,0.024,-0.406,-0.351,-0.709,-1.068,-0.923,-0.598,-0.379
2.83,-0.085,-0.334,-0.25,0.21,0.083,-0.292,-0.029,-0.083,-0.304,-0.457,-0.283,-0.175
2.84,-0.079,-0.275,-0.196,0.178,0.058,-0.235,0.094,0.034,-0.034,-0.219,-0.117,-0.081
2.85,-0.05,-0.314,-0.264,0.182,0.107,-0.288,0.138,0.065,0.039,-0.184,-0.096,-0.051
2.86,-0.051,-0.352,-0.301,0.202,0.125,-0.327,0.172,0.117,0.099,-0.134,-0.049,-0.01
2.87,-0.047,-0.37,-0.323,0.209,0.139,-0.346,0.181,0.13,0.137,-0.083,-0.017,0.003
2.88,-0.025,-0.356,-0.331,0.191,0.153,-0.343,0.192,0.156,0.17,-0.091,-0.016,0.02
2.89,-0.041,-0.355,-0.314,0.198,0.137,-0.334,0.192,0.156,0.199,-0.039,0.002,0.026
2.9,-0.021,-0.37,-0.349,0.196,0.164,-0.359,0.2,0.204,0.247,-0.019,0.031,0.046
2.91,0.01,-0.386,-0.396,0.188,0.203,-0.391,0.199,0.245,0.321,0.046,0.074,0.083
2.92,0.018,-0.351,-0.369,0.166,0.194,-0.36,0.196,0.274,0.369,0.062,0.086,0.088
2.93,0.04,-0.319,-0.359,0.14,0.2,-0.339,0.193,0.318,0.457,0.123,0.127,0.118
2.94,0.061,-0.281,-0.342,0.111,0.202,-0.312,0.188,0.385,0.565,0.182,0.162,0.145
2.95,0.081,-0.226,-0.307,0.073,0.194,-0.266,0.186,0.462,0.685,0.247,0.203,0.173
2.96,0.101,-0.161,-0.261,0.03,0.181,-0.21,0.174,0.561,0.827,0.341,0.266,0.216
2.97,0.163,-0.054,-0.217,-0.054,0.19,-0.136,0.15,0.673,0.974,0.455,0.349,0.278
2.98,0.222,0.039,-0.182,-0.13,0.202,-0.071,0.117,0.767,1.107,0.59,0.45,0.361
2.99,0.265,0.082,-0.183,-0.173,0.223,-0.05,0.072,0.813,1.186,0.72,0.559,0.453
3.0,0.314,0.147,-0.167,-0.23,0.24,-0.01,0.01,0.79,1.181,0.817,0.66,0.545
3.01,0.334,0.232,-0.102,-0.283,0.218,0.065,-0.06,0.723,1.12,0.831,0.69,0.577
3.02,0.338,0.245,-0.093,-0.291,0.215,0.076,-0.106,0.62,0.998,0.803,0.672,0.567
3.03,0.289,0.187,-0.102,-0.238,0.196,0.042,-0.102,0.498,0.841,0.739,0.634,0.536
3.04,0.221,0.083,-0.139,-0.152,0.18,-0.028,-0.061,0.396,0.668,0.609,0.537,0.454
3.05,0.155,-0.031,-0.186,-0.061,0.171,-0.108,-0.01,0.314,0.497,0.454,0.407,0.351
3.06,0.097,-0.108,-0.205,0.005,0.151,-0.156,0.034,0.231,0.346,0.303,0.284,0.253
3.07,0.058,-0.17,-0.228,0.057,0.143,-0.199,0.06,0.163,0.218,0.177,0.178,0.173
3.08,0.009,-0.241,-0.25,0.116,0.13,-0.246,0.087,0.119,0.139,0.093,0.114,0.118
3.09,-0.002,-0.293,-0.291,0.148,0.145,-0.292,0.116,0.097,0.088,0.035,0.076,0.091
3.1,-0.008,-0.313,-0.305,0.161,0.149,-0.309,0.125,0.095,0.055,-0.004,0.046,0.083
3.11,-0.036,-0.352,-0.315,0.194,0.14,-0.333,0.13,0.088,0.049,-0.016,0.032,0.072
3.12,-0.026,-0.379,-0.353,0.202,0.164,-0.366,0.139,0.083,0.05,-0.017,0.027,0.063
3.13,-0.014,-0.37,-0.355,0.192,0.171,-0.362,0.147,0.076,0.05,-0.02,0.025,0.056
3.14,-0.022,-0.367,-0.345,0.195,0.162,-0.356,0.149,0.078,0.05,-0.025,0.02,0.051
3.15,-0.022,-0.361,-0.338,0.192,0.158,-0.349,0.146,0.091,0.05,-0.033,0.017,0.046
3.16,-0.025,-0.354,-0.33,0.19,0.153,-0.341,0.141,0.088,0.044,-0.039,0.013,0.04
3.17,-0.027,-0.351,-0.324,0.189,0.149,-0.337,0.139,0.082,0.037,-0.046,0.01,0.035
3.18,-0.028,-0.337,-0.309,0.183,0.141,-0.323,0.134,0.079,0.03,-0.051,0.01,0.031
3.19,-0.023,-0.322,-0.299,0.172,0.139,-0.31,0.131,0.073,0.024,-0.054,0.008,0.028
3.2,-0.042,-0.32,-0.277,0.181,0.117,-0.298,0.128,0.07,0.016,-0.062,0.004,0.025
3.21,-0.036,-0.32,-0.284,0.178,0.124,-0.302,0.124,0.063,0.005,-0.079,0.006,0.022
3.22,-0.006,-0.32,-0.314,0.163,0.154,-0.317,0.126,0.055,-0.007,-0.08,0.0,0.02
3.23,-0.017,-0.32,-0.303,0.169,0.143,-0.311,0.121,0.049,-0.018,-0.08,-0.011,0.018
3.24,-0.021,-0.32,-0.298,0.171,0.139,-0.309,0.12,0.042,-0.027,-0.096,-0.018,0.012
3.25,-0.02,-0.313,-0.294,0.167,0.137,-0.304,0.12,0.033,-0.054,-0.114,-0.037,0.007
3.26,-0.018,-0.303,-0.285,0.16,0.134,-0.293,0.113,0.022,-0.074,-0.116,-0.047,0.004
3.27,-0.013,-0.297,-0.285,0.155,0.136,-0.291,0.104,0.013,-0.072,-0.114,-0.047,-0.001
3.28,-0.019,-0.281,-0.263,0.15,0.122,-0.272,0.095,-0.009,-0.083,-0.134,-0.052,-0.005
3.29,-0.03,-0.259,-0.228,0.144,0.099,-0.243,0.087,-0.032,-0.109,-0.153,-0.067,-0.014
3.3,-0.055,-0.237,-0.182,0.146,0.064,-0.209,0.066,-0.031,-0.116,-0.157,-0.079,-0.028
3.31,-0.06,-0.271,-0.211,0.166,0.076,-0.241,0.087,-0.03,-0.11,-0.145,-0.063,-0.035
3.32,-0.026,-0.319,-0.294,0.173,0.134,-0.306,0.113,-0.03,-0.108,-0.137,-0.049,-0.035
3.33,-0.019,-0.307,-0.287,0.163,0.134,-0.297,0.101,-0.03,-0.103,-0.143,-0.051,-0.035
3.34,-0.038,-0.294,-0.255,0.166,0.109,-0.274,0.096,-0.03,-0.1,-0.143,-0.049,-0.035
3.35,-0.04,-0.279,-0.24,0.16,0.1,-0.26,0.089,-0.032,-0.104,-0.15,-0.052,-0.035
3.36,-0.028,-0.251,-0.223,0.14,0.098,-0.237,0.082,-0.043,-0.118,-0.162,-0.07,-0.035
3.37,-0.015,-0.224,-0.209,0.119,0.098,-0.217,0.078,-0.049,-0.13,-0.168,-0.088,-0.04
3.38,-0.008,-0.206,-0.198,0.107,0.095,-0.202,0.073,-0.052,-0.139,-0.17,-0.104,-0.039
3.39,0.001,-0.196,-0.197,0.098,0.099,-0.196,0.07,-0.054,-0.142,-0.17,-0.106,-0.047
3.4,-0.03,-0.184,-0.155,0.107,0.063,-0.169,0.066,-0.059,-0.151,-0.186,-0.103,-0.059
3.41,-0.078,-0.175,-0.097,0.127,0.01,-0.136,0.062,-0.066,-0.17,-0.196,-0.112,-0.066
3.42,-0.054,-0.167,-0.113,0.111,0.029,-0.14,0.06,-0.065,-0.17,-0.195,-0.121,-0.075
3.43,-0.024,-0.171,-0.146,0.098,0.061,-0.158,0.052,-0.068,-0.17,-0.195,-0.12,-0.078
3.44,-0.038,-0.164,-0.127,0.101,0.045,-0.145,0.043,-0.071,-0.17,-0.196,-0.121,-0.08
3.45,-0.021,-0.139,-0.118,0.08,0.049,-0.129,0.034,-0.069,-0.17,-0.195,-0.121,-0.085
3.46,-0.011,-0.077,-0.066,0.044,0.028,-0.071,0.026,-0.073,-0.169,-0.196,-0.119,-0.084
3.47,-0.014,0.014,0.028,0.0,-0.022,0.021,0.018,-0.079,-0.17,-0.204,-0.128,-0.093
3.48,0.013,0.043,0.03,-0.028,-0.009,0.036,0.024,-0.085,-0.176,-0.202,-0.127,-0.095
3.49,0.033,0.105,0.072,-0.069,-0.02,0.088,0.035,-0.085,-0.167,-0.194,-0.115,-0.08
3.5,0.063,0.205,0.142,-0.134,-0.04,0.173,0.025,-0.085,-0.159,-0.193,-0.11,-0.072
3.51,0.079,0.2,0.121,-0.139,-0.022,0.16,0.007,-0.085,-0.135,-0.193,-0.098,-0.059
3.52,0.074,0.182,0.108,-0.128,-0.017,0.145,-0.034,-0.091,-0.138,-0.206,-0.106,-0.072
3.53,0.055,0.146,0.091,-0.101,-0.018,0.118,-0.063,-0.133,-0.185,-0.205,-0.121,-0.089
3.54,0.031,0.092,0.061,-0.062,-0.015,0.076,-0.041,-0.129,-0.197,-0.219,-0.135,-0.095
3.55,0.004,0.066,0.062,-0.035,-0.03,0.064,-0.012,-0.127,-0.204,-0.232,-0.153,-0.115
3.56,-0.031,-0.001,0.029,0.016,-0.03,0.014,0.016,-0.121,-0.206,-0.244,-0.162,-0.125
3.57,-0.063,-0.009,0.054,0.036,-0.058,0.022,0.022,-0.107,-0.217,-0.262,-0.159,-0.12
3.58,-0.056,-0.046,0.01,0.051,-0.032,-0.018,0.023,-0.118,-0.206,-0.228,-0.15,-0.118
3.59,-0.045,-0.064,-0.019,0.055,-0.013,-0.041,0.044,-0.078,-0.199,-0.259,-0.157,-0.117
3.6,-0.052,-0.082,-0.03,0.068,-0.011,-0.056,0.023,-0.138,-0.2,-0.204,-0.142,-0.109
3.61,-0.013,-0.133,-0.12,0.073,0.054,-0.126,0.171,0.201,0.037,-0.243,-0.22,-0.182
3.62,0.068,-0.034,-0.102,-0.017,0.085,-0.068,0.356,0.793,0.626,0.003,-0.115,-0.143
3.63,0.345,0.345,0.0,-0.345,0.172,0.172,0.213,0.94,1.147,0.703,0.532,0.387
3.64,0.425,1.169,0.744,-0.797,-0.159,0.956,-0.178,0.022,1.016,2.066,1.635,1.224
3.65,-0.002,1.139,1.141,-0.568,-0.572,1.14,-0.387,-1.543,-0.233,2.49,1.638,1.169
3.66,-0.465,0.148,0.612,0.158,-0.539,0.379,-0.346,-1.812,-2.01,-0.294,-0.159,0.016
3.67,-0.506,-0.357,0.149,0.431,-0.327,-0.103,-0.476,-1.269,-2.22,-1.83,-1.051,-0.613
3.68,-0.245,-0.368,-0.122,0.307,-0.061,-0.245,-0.384,-0.696,-1.139,-0.948,-0.65,-0.454
3.69,-0.095,-0.168,-0.073,0.131,-0.01,-0.12,-0.067,-0.114,-0.416,-0.511,-0.363,-0.262
3.7,-0.047,-0.065,-0.017,0.056,-0.015,-0.041,0.024,-0.013,-0.137,-0.252,-0.209,-0.167
3.71,-0.045,-0.045,0.0,0.045,-0.022,-0.022,0.043,-0.013,-0.101,-0.251,-0.203,-0.16
3.72,-0.04,0.011,0.05,0.014,-0.045,0.03,0.036,0.002,-0.06,-0.213,-0.172,-0.152
3.73,-0.017,0.033,0.05,-0.008,-0.034,0.041,0.033,0.002,-0.036,-0.187,-0.169,-0.146
3.74,-0.012,0.077,0.089,-0.033,-0.051,0.083,0.031,0.016,-0.017,-0.194,-0.167,-0.143
3.75,-0.009,0.095,0.104,-0.043,-0.057,0.099,0.024,0.02,0.013,-0.154,-0.154,-0.131
3.76,-0.007,0.124,0.131,-0.059,-0.069,0.127,0.024,0.034,0.03,-0.161,-0.158,-0.119
3.77,0.021,0.151,0.13,-0.086,-0.054,0.14,0.016,0.049,0.085,-0.114,-0.117,-0.104
3.78,0.037,0.174,0.137,-0.106,-0.05,0.155,0.013,0.087,0.139,-0.091,-0.094,-0.089
3.79,0.044,0.225,0.182,-0.135,-0.069,0.203,0.008,0.115,0.213,-0.037,-0.072,-0.068
3.8,0.066,0.257,0.191,-0.161,-0.063,0.224,0.003,0.174,0.31,0.018,-0.037,-0.04
3.81,0.095,0.285,0.19,-0.19,-0.048,0.238,0.0,0.258,0.436,0.101,0.018,0.003
3.82,0.116,0.312,0.196,-0.215,-0.04,0.254,0.005,0.366,0.599,0.218,0.101,0.061
3.83,0.169,0.364,0.195,-0.267,-0.013,0.28,0.0,0.472,0.745,0.342,0.193,0.123
3.84,0.236,0.448,0.212,-0.342,0.012,0.33,-0.026,0.567,0.885,0.486,0.309,0.216
3.85,0.265,0.47,0.205,-0.368,0.03,0.337,-0.069,0.628,0.976,0.636,0.446,0.329
3.86,0.316,0.53,0.214,-0.424,0.051,0.372,-0.131,0.606,0.968,0.72,0.519,0.393
3.87,0.337,0.611,0.275,-0.474,0.031,0.443,-0.201,0.543,0.912,0.734,0.537,0.417
3.88,0.302,0.597,0.296,-0.45,0.003,0.446,-0.228,0.453,0.799,0.715,0.531,0.421
3.89,0.283,0.536,0.252,-0.409,0.015,0.393,-0.208,0.358,0.653,0.647,0.489,0.396
3.9,0.228,0.412,0.184,-0.321,0.022,0.298,-0.159,0.277,0.493,0.513,0.392,0.319
3.91,0.14,0.29,0.151,-0.215,-0.006,0.22,-0.113,0.201,0.326,0.349,0.259,0.21
3.92,0.098,0.232,0.134,-0.165,-0.018,0.183,-0.086,0.119,0.171,0.198,0.14,0.113
3.93,0.07,0.172,0.102,-0.122,-0.016,0.137,-0.055,0.05,0.051,0.068,0.039,0.037
3.94,0.026,0.12,0.094,-0.073,-0.035,0.107,-0.026,0.001,-0.025,-0.022,-0.031,-0.023
3.95,0.012,0.107,0.095,-0.06,-0.042,0.101,-0.004,-0.03,-0.09,-0.087,-0.078,-0.058
3.96,0.008,0.1,0.092,-0.054,-0.042,0.096,0.001,-0.05,-0.135,-0.131,-0.107,-0.079
3.97,0.001,0.09,0.09,-0.046,-0.045,0.09,0.003,-0.07,-0.15,-0.154,-0.133,-0.102
3.98,-0.007,0.083,0.09,-0.038,-0.048,0.086,0.006,-0.065,-0.149,-0.166,-0.147,-0.105
3.99,-0.026,0.072,0.098,-0.023,-0.062,0.085,0.009,-0.057,-0.146,-0.17,-0.144,-0.108
4.0,-0.031,0.063,0.094,-0.016,-0.063,0.079,0.01,-0.051,-0.144,-0.176,-0.145,-0.112
4.01,-0.027,0.052,0.079,-0.012,-0.053,0.065,0.005,-0.046,-0.139,-0.175,-0.145,-0.108
4.02,-0.027,0.044,0.071,-0.009,-0.049,0.057,0.005,-0.051,-0.142,-0.175,-0.144,-0.108
4.03,-0.024,0.037,0.061,-0.007,-0.043,0.049,0.004,-0.049,-0.145,-0.175,-0.15,-0.103
4.04,-0.027,0.03,0.056,-0.002,-0.042,0.043,0.0,-0.053,-0.15,-0.175,-0.153,-0.106
4.05,-0.026,0.023,0.049,0.001,-0.038,0.035,0.001,-0.055,-0.161,-0.179,-0.15,-0.117
4.06,-0.029,0.015,0.044,0.007,-0.037,0.029,-0.002,-0.055,-0.167,-0.186,-0.15,-0.121
4.07,-0.019,0.028,0.047,-0.005,-0.033,0.037,-0.007,-0.058,-0.178,-0.191,-0.15,-0.12
4.08,0.0,0.041,0.041,-0.021,-0.021,0.041,-0.011,-0.068,-0.19,-0.198,-0.15,-0.12
4.09,-0.01,0.057,0.067,-0.024,-0.039,0.062,-0.015,-0.083,-0.207,-0.21,-0.15,-0.12
4.1,-0.003,0.06,0.062,-0.029,-0.032,0.061,-0.021,-0.087,-0.213,-0.214,-0.156,-0.12
4.11,-0.005,0.063,0.068,-0.029,-0.037,0.065,-0.03,-0.098,-0.236,-0.23,-0.179,-0.131
4.12,-0.021,0.099,0.12,-0.039,-0.07,0.109,-0.037,-0.122,-0.267,-0.257,-0.202,-0.151
4.13,-0.011,0.12,0.131,-0.055,-0.071,0.125,-0.045,-0.132,-0.274,-0.266,-0.21,-0.156
4.14,-0.004,0.149,0.152,-0.073,-0.078,0.15,-0.049,-0.129,-0.286,-0.268,-0.21,-0.16
4.15,-0.001,0.164,0.165,-0.082,-0.083,0.164,-0.051,-0.129,-0.292,-0.274,-0.214,-0.165
4.16,0.006,0.162,0.156,-0.084,-0.075,0.158,-0.049,-0.146,-0.295,-0.277,-0.215,-0.169
4.17,0.004,0.169,0.165,-0.086,-0.081,0.167,-0.054,-0.165,-0.302,-0.281,-0.217,-0.168
4.18,-0.019,0.17,0.189,-0.076,-0.104,0.179,-0.067,-0.168,-0.306,-0.286,-0.221,-0.164
4.19,-0.026,0.175,0.201,-0.074,-0.114,0.187,-0.071,-0.172,-0.309,-0.29,-0.219,-0.165
4.2,-0.026,0.175,0.201,-0.075,-0.114,0.188,-0.069,-0.174,-0.31,-0.29,-0.22,-0.165
4.21,-0.033,0.174,0.207,-0.071,-0.121,0.191,-0.074,-0.177,-0.312,-0.29,-0.225,-0.178
4.22,-0.035,0.176,0.21,-0.071,-0.123,0.192,-0.075,-0.188,-0.315,-0.29,-0.232,-0.186
4.23,-0.037,0.177,0.214,-0.07,-0.126,0.195,-0.075,-0.195,-0.318,-0.289,-0.239,-0.192
4.24,-0.025,0.197,0.222,-0.086,-0.124,0.209,-0.082,-0.195,-0.321,-0.298,-0.245,-0.199
4.25,-0.022,0.222,0.244,-0.1,-0.133,0.233,-0.082,-0.196,-0.332,-0.301,-0.25,-0.196
4.26,-0.041,0.225,0.266,-0.093,-0.153,0.245,-0.08,-0.194,-0.335,-0.301,-0.25,-0.195
4.27,-0.049,0.211,0.26,-0.081,-0.155,0.235,-0.079,-0.187,-0.325,-0.298,-0.252,-0.195
4.28,-0.026,0.24,0.266,-0.107,-0.147,0.253,-0.082,-0.185,-0.323,-0.293,-0.254,-0.19
4.29,-0.006,0.286,0.292,-0.14,-0.149,0.289,-0.106,-0.179,-0.314,-0.295,-0.256,-0.19
4.3,-0.008,0.274,0.282,-0.133,-0.145,0.278,-0.113,-0.176,-0.313,-0.288,-0.249,-0.189
4.31,0.025,0.329,0.303,-0.177,-0.139,0.316,-0.113,-0.178,-0.301,-0.266,-0.223,-0.182
4.32,0.04,0.424,0.384,-0.232,-0.173,0.404,-0.122,-0.181,-0.286,-0.261,-0.214,-0.178
4.33,0.031,0.405,0.374,-0.218,-0.171,0.389,-0.113,-0.185,-0.286,-0.255,-0.214,-0.17
4.34,0.049,0.368,0.318,-0.209,-0.135,0.343,-0.134,-0.185,-0.281,-0.257,-0.216,-0.167
4.35,0.061,0.352,0.292,-0.207,-0.116,0.322,-0.157,-0.218,-0.32,-0.272,-0.216,-0.164
4.36,0.032,0.336,0.304,-0.185,-0.136,0.32,-0.132,-0.218,-0.34,-0.307,-0.245,-0.187
4.37,-0.017,0.331,0.348,-0.157,-0.183,0.339,-0.129,-0.217,-0.348,-0.319,-0.277,-0.223
4.38,-0.013,0.316,0.329,-0.152,-0.171,0.322,-0.122,-0.221,-0.369,-0.349,-0.293,-0.236
4.39,-0.029,0.32,0.349,-0.146,-0.189,0.334,-0.121,-0.242,-0.391,-0.354,-0.298,-0.245
4.4,-0.046,0.298,0.344,-0.126,-0.195,0.321,-0.12,-0.242,-0.393,-0.339,-0.305,-0.256
4.41,-0.065,0.307,0.372,-0.121,-0.219,0.339,-0.11,-0.227,-0.396,-0.368,-0.31,-0.255
4.42,-0.038,0.286,0.324,-0.124,-0.181,0.305,-0.122,-0.244,-0.371,-0.315,-0.299,-0.261
4.43,0.006,0.303,0.297,-0.154,-0.146,0.3,0.047,0.142,-0.071,-0.375,-0.387,-0.347
4.44,0.098,0.446,0.348,-0.272,-0.126,0.397,0.172,0.648,0.54,-0.019,-0.212,-0.248
4.45,0.359,0.934,0.575,-0.647,-0.108,0.754,-0.051,0.633,0.951,0.779,0.55,0.385
4.46,0.323,1.713,1.39,-1.018,-0.533,1.551,-0.417,-0.418,0.634,2.213,1.618,1.125
4.47,-0.141,1.395,1.536,-0.627,-0.839,1.466,-0.508,-1.69,-0.789,2.0,1.156,0.751
4.48,-0.516,0.431,0.946,0.042,-0.731,0.688,-0.478,-1.744,-2.385,-1.082,-0.732,-0.414
4.49,-0.403,0.136,0.539,0.133,-0.471,0.337,-0.622,-1.273,-2.232,-1.946,-1.236,-0.794
4.5,-0.152,0.16,0.311,-0.004,-0.232,0.235,-0.464,-0.695,-1.155,-0.988,-0.78,-0.582
4.51,-0.076,0.326,0.402,-0.125,-0.239,0.363,-0.196,-0.218,-0.519,-0.627,-0.493,-0.394
4.52,-0.036,0.409,0.445,-0.187,-0.241,0.427,-0.145,-0.188,-0.284,-0.363,-0.356,-0.295
4.53,-0.018,0.384,0.403,-0.183,-0.211,0.393,-0.11,-0.172,-0.258,-0.396,-0.367,-0.278
4.54,-0.009,0.403,0.411,-0.197,-0.211,0.407,-0.101,-0.147,-0.179,-0.309,-0.31,-0.247
4.55,-0.012,0.388,0.4,-0.188,-0.206,0.394,-0.092,-0.131,-0.165,-0.29,-0.298,-0.245
4.56,-0.008,0.399,0.407,-0.196,-0.208,0.403,-0.095,-0.115,-0.144,-0.268,-0.266,-0.232
4.57,-0.015,0.391,0.406,-0.188,-0.211,0.398,-0.096,-0.104,-0.109,-0.241,-0.256,-0.225
4.58,-0.015,0.397,0.412,-0.191,-0.214,0.404,-0.093,-0.082,-0.072,-0.229,-0.246,-0.221
4.59,0.013,0.427,0.415,-0.221,-0.202,0.421,-0.096,-0.059,-0.009,-0.177,-0.217,-0.201
4.6,0.032,0.445,0.413,-0.239,-0.191,0.429,-0.094,-0.027,0.037,-0.155,-0.199,-0.178
4.61,0.031,0.486,0.455,-0.258,-0.213,0.47,-0.102,-0.002,0.109,-0.106,-0.175,-0.161
4.62,0.057,0.54,0.483,-0.299,-0.213,0.511,-0.107,0.044,0.201,-0.043,-0.141,-0.149
4.63,0.098,0.621,0.523,-0.36,-0.213,0.572,-0.129,0.099,0.308,0.034,-0.094,-0.122
4.64,0.124,0.698,0.574,-0.411,-0.225,0.635,-0.154,0.176,0.446,0.123,-0.031,-0.073
4.65,0.182,0.801,0.619,-0.492,-0.219,0.71,-0.182,0.259,0.585,0.26,0.058,-0.013
4.66,0.229,0.928,0.698,-0.579,-0.235,0.813,-0.237,0.321,0.702,0.384,0.16,0.063
4.67,0.286,1.009,0.723,-0.648,-0.219,0.866,-0.29,0.346,0.761,0.514,0.271,0.15
4.68,0.318,1.098,0.78,-0.708,-0.231,0.939,-0.351,0.322,0.738,0.593,0.346,0.212
4.69,0.31,1.153,0.843,-0.732,-0.267,0.998,-0.408,0.271,0.684,0.594,0.366,0.231
4.7,0.3,1.147,0.846,-0.724,-0.273,0.996,-0.432,0.188,0.57,0.577,0.34,0.216
4.71,0.26,1.103,0.843,-0.682,-0.292,0.972,-0.422,0.091,0.403,0.469,0.272,0.17
4.72,0.221,1.056,0.835,-0.639,-0.307,0.945,-0.387,0.0,0.213,0.289,0.137,0.058
4.73,0.162,0.993,0.832,-0.578,-0.335,0.912,-0.35,-0.082,0.041,0.112,0.002,-0.054
4.74,0.081,0.899,0.818,-0.49,-0.369,0.858,-0.311,-0.146,-0.093,-0.037,-0.102,-0.133
4.75,0.04,0.825,0.785,-0.433,-0.373,0.805,-0.283,-0.205,-0.211,-0.156,-0.207,-0.215
4.76,0.011,0.728,0.717,-0.37,-0.353,0.722,-0.251,-0.228,-0.272,-0.234,-0.261,-0.247
4.77,-0.008,0.651,0.659,-0.321,-0.334,0.655,-0.212,-0.231,-0.307,-0.271,-0.287,-0.254
4.78,-0.005,0.597,0.602,-0.296,-0.304,0.6,-0.197,-0.241,-0.332,-0.291,-0.3,-0.261
4.79,-0.018,0.548,0.566,-0.265,-0.292,0.557,-0.183,-0.239,-0.337,-0.291,-0.3,-0.259
4.8,-0.026,0.549,0.575,-0.262,-0.3,0.562,-0.174,-0.24,-0.342,-0.287,-0.299,-0.259
4.81,-0.022,0.553,0.575,-0.266,-0.299,0.564,-0.176,-0.24,-0.343,-0.302,-0.307,-0.267
4.82,-0.034,0.553,0.587,-0.259,-0.311,0.569,-0.173,-0.24,-0.347,-0.32,-0.321,-0.281
4.83,-0.038,0.561,0.599,-0.262,-0.319,0.58,-0.17,-0.24,-0.349,-0.326,-0.329,-0.289
4.84,-0.017,0.569,0.586,-0.276,-0.302,0.578,-0.169,-0.24,-0.352,-0.323,-0.33,-0.298
4.85,-0.001,0.566,0.567,-0.282,-0.284,0.566,-0.177,-0.24,-0.355,-0.331,-0.33,-0.301
4.86,-0.037,0.559,0.596,-0.261,-0.316,0.577,-0.186,-0.24,-0.355,-0.35,-0.346,-0.299
4.87,-0.05,0.557,0.607,-0.254,-0.329,0.582,-0.184,-0.241,-0.355,-0.355,-0.357,-0.301
4.88,-0.019,0.549,0.569,-0.265,-0.294,0.559,-0.185,-0.24,-0.355,-0.358,-0.354,-0.299
4.89,-0.019,0.548,0.567,-0.265,-0.293,0.557,-0.184,-0.239,-0.365,-0.363,-0.355,-0.301
4.9,-0.01,0.543,0.553,-0.266,-0.283,0.548,-0.185,-0.233,-0.381,-0.366,-0.356,-0.305
4.91,-0.011,0.546,0.557,-0.268,-0.284,0.551,-0.187,-0.245,-0.381,-0.374,-0.353,-0.304
4.92,-0.023,0.57,0.593,-0.274,-0.308,0.581,-0.193,-0.273,-0.399,-0.394,-0.366,-0.313
4.93,-0.04,0.569,0.609,-0.265,-0.325,0.589,-0.204,-0.274,-0.419,-0.41,-0.382,-0.322
4.94,-0.047,0.557,0.605,-0.255,-0.326,0.581,-0.205,-0.283,-0.411,-0.411,-0.38,-0.319
4.95,-0.036,0.55,0.586,-0.257,-0.311,0.568,-0.204,-0.292,-0.434,-0.411,-0.376,-0.32
4.96,-0.035,0.541,0.575,-0.253,-0.305,0.558,-0.205,-0.283,-0.446,-0.405,-0.375,-0.32
4.97,-0.02,0.528,0.548,-0.254,-0.285,0.538,-0.204,-0.278,-0.435,-0.4,-0.372,-0.32
4.98,-0.048,0.513,0.56,-0.233,-0.304,0.536,-0.204,-0.27,-0.433,-0.394,-0.37,-0.315
4.99,-0.021,0.49,0.511,-0.234,-0.267,0.5,-0.19,-0.264,-0.418,-0.388,-0.369,-0.304
5.0,-0.003,0.446,0.449,-0.222,-0.226,0.448,-0.176,-0.259,-0.397,-0.384,-0.361,-0.296
5.01,-0.056,0.421,0.477,-0.183,-0.267,0.449,-0.173,-0.253,-0.389,-0.378,-0.354,-0.288
5.02,-0.04,0.426,0.466,-0.193,-0.254,0.446,-0.176,-0.247,-0.388,-0.373,-0.348,-0.28
5.03,-0.045,0.416,0.461,-0.185,-0.253,0.438,-0.182,-0.242,-0.384,-0.367,-0.34,-0.272
5.04,-0.031,0.428,0.459,-0.199,-0.245,0.444,-0.18,-0.235,-0.381,-0.36,-0.332,-0.265
5.05,-0.006,0.466,0.472,-0.23,-0.24,0.469,-0.194,-0.232,-0.379,-0.349,-0.326,-0.257
5.06,-0.021,0.458,0.479,-0.219,-0.25,0.468,-0.171,-0.224,-0.372,-0.34,-0.318,-0.251
5.07,0.027,0.497,0.47,-0.262,-0.222,0.483,-0.148,-0.217,-0.354,-0.329,-0.297,-0.244
5.08,0.048,0.542,0.494,-0.295,-0.223,0.518,-0.161,-0.209,-0.331,-0.303,-0.281,-0.235
5.09,0.055,0.524,0.469,-0.289,-0.207,0.496,-0.159,-0.173,-0.324,-0.286,-0.279,-0.227
5.1,0.078,0.48,0.401,-0.279,-0.162,0.44,-0.193,-0.194,-0.326,-0.293,-0.28,-0.218
5.11,0.055,0.388,0.333,-0.222,-0.139,0.36,-0.213,-0.242,-0.345,-0.288,-0.279,-0.218
5.12,0.054,0.336,0.283,-0.195,-0.115,0.309,-0.164,-0.219,-0.344,-0.301,-0.28,-0.223
5.13,0.026,0.34,0.313,-0.183,-0.144,0.326,-0.133,-0.231,-0.356,-0.315,-0.283,-0.228
5.14,-0.024,0.323,0.348,-0.15,-0.186,0.335,-0.138,-0.249,-0.385,-0.355,-0.328,-0.26
5.15,-0.045,0.331,0.376,-0.144,-0.211,0.353,-0.156,-0.268,-0.401,-0.381,-0.338,-0.275
5.16,-0.039,0.311,0.349,-0.136,-0.194,0.33,-0.157,-0.273,-0.39,-0.353,-0.33,-0.277
5.17,-0.031,0.321,0.352,-0.145,-0.192,0.336,-0.149,-0.239,-0.386,-0.392,-0.351,-0.274
5.18,-0.034,0.312,0.345,-0.139,-0.19,0.328,-0.165,-0.276,-0.398,-0.343,-0.324,-0.271
5.19,-0.003,0.303,0.306,-0.15,-0.155,0.305,-0.009,0.063,-0.144,-0.386,-0.404,-0.365
5.2,0.095,0.443,0.348,-0.269,-0.127,0.396,0.148,0.59,0.483,-0.077,-0.263,-0.3
5.21,0.35,0.895,0.544,-0.623,-0.097,0.72,-0.034,0.65,0.951,0.708,0.441,0.274
5.22,0.376,1.685,1.309,-1.031,-0.467,1.497,-0.409,-0.266,0.697,2.1,1.557,1.084
5.23,-0.056,1.446,1.502,-0.695,-0.779,1.474,-0.545,-1.536,-0.663,2.219,1.347,0.878
5.24,-0.47,0.419,0.889,0.025,-0.68,0.654,-0.485,-1.699,-2.325,-0.752,-0.566,-0.307
5.25,-0.46,0.015,0.475,0.222,-0.467,0.245,-0.599,-1.296,-2.339,-2.027,-1.269,-0.796
5.26,-0.198,0.01,0.208,0.093,-0.203,0.109,-0.473,-0.737,-1.267,-1.061,-0.811,-0.59
5.27,-0.058,0.169,0.227,-0.056,-0.142,0.197,-0.185,-0.23,-0.549,-0.619,-0.498,-0.375
5.28,-0.031,0.249,0.279,-0.109,-0.155,0.263,-0.119,-0.182,-0.269,-0.339,-0.326,-0.279
5.29,-0.035,0.288,0.324,-0.127,-0.18,0.306,-0.102,-0.163,-0.263,-0.36,-0.348,-0.288
5.3,-0.023,0.321,0.344,-0.15,-0.184,0.332,-0.106,-0.154,-0.215,-0.304,-0.308,-0.262
5.31,-0.024,0.295,0.319,-0.136,-0.171,0.307,-0.105,-0.142,-0.19,-0.283,-0.309,-0.256
5.32,-0.021,0.347,0.368,-0.163,-0.195,0.357,-0.104,-0.123,-0.155,-0.272,-0.288,-0.242
5.33,0.006,0.348,0.343,-0.177,-0.169,0.345,-0.106,-0.122,-0.118,-0.229,-0.255,-0.233
5.34,0.015,0.356,0.341,-0.186,-0.163,0.348,-0.105,-0.103,-0.098,-0.227,-0.245,-0.232
5.35,0.025,0.414,0.389,-0.22,-0.182,0.401,-0.116,-0.094,-0.055,-0.191,-0.227,-0.225
5.36,0.026,0.475,0.449,-0.251,-0.212,0.462,-0.124,-0.076,-0.025,-0.187,-0.234,-0.222
5.37,0.046,0.511,0.465,-0.279,-0.21,0.488,-0.13,-0.053,0.051,-0.128,-0.202,-0.203
5.38,0.065,0.556,0.491,-0.311,-0.213,0.523,-0.143,-0.004,0.132,-0.084,-0.159,-0.183
5.39,0.099,0.645,0.545,-0.372,-0.223,0.594,-0.162,0.051,0.242,-0.008,-0.119,-0.157
5.4,0.148,0.676,0.529,-0.412,-0.191,0.602,-0.158,0.142,0.397,0.111,-0.048,-0.092
5.41,0.175,0.725,0.55,-0.45,-0.188,0.637,-0.167,0.244,0.548,0.243,0.051,-0.024
5.42,0.228,0.815,0.587,-0.522,-0.18,0.701,-0.2,0.319,0.69,0.391,0.167,0.062
5.43,0.284,0.899,0.615,-0.592,-0.166,0.757,-0.247,0.354,0.754,0.529,0.279,0.154
5.44,0.314,1.0,0.686,-0.657,-0.186,0.843,-0.31,0.34,0.738,0.608,0.347,0.201
5.45,0.319,1.055,0.736,-0.687,-0.208,0.895,-0.361,0.296,0.686,0.614,0.371,0.241
5.46,0.304,1.055,0.75,-0.68,-0.223,0.902,-0.388,0.218,0.573,0.587,0.36,0.235
5.47,0.265,0.985,0.72,-0.625,-0.228,0.852,-0.374,0.139,0.428,0.503,0.309,0.188
5.48,0.205,0.901,0.696,-0.553,-0.246,0.798,-0.335,0.057,0.247,0.333,0.183,0.096
5.49,0.145,0.805,0.66,-0.475,-0.258,0.732,-0.296,-0.025,0.079,0.157,0.044,-0.01
5.5,0.1,0.724,0.624,-0.412,-0.262,0.673,-0.269,-0.096,-0.061,0.006,-0.071,-0.101
5.51,0.053,0.676,0.623,-0.365,-0.285,0.65,-0.235,-0.165,-0.182,-0.123,-0.164,-0.177
5.52,-0.001,0.581,0.581,-0.29,-0.291,0.581,-0.203,-0.196,-0.248,-0.2,-0.219,-0.208
5.53,-0.016,0.526,0.542,-0.256,-0.279,0.534,-0.196,-0.212,-0.293,-0.253,-0.258,-0.237
5.54,-0.025,0.516,0.541,-0.245,-0.283,0.528,-0.189,-0.233,-0.327,-0.287,-0.281,-0.255
5.55,-0.039,0.494,0.533,-0.227,-0.286,0.513,-0.183,-0.234,-0.334,-0.3,-0.293,-0.258
5.56,-0.04,0.482,0.522,-0.221,-0.281,0.502,-0.175,-0.225,-0.325,-0.298,-0.286,-0.251
5.57,-0.019,0.488,0.507,-0.235,-0.263,0.497,-0.17,-0.217,-0.319,-0.288,-0.281,-0.243
5.58,-0.017,0.455,0.471,-0.22,-0.244,0.463,-0.152,-0.209,-0.313,-0.281,-0.276,-0.238
5.59,-0.035,0.391,0.425,-0.178,-0.23,0.408,-0.128,-0.202,-0.305,-0.273,-0.269,-0.231
5.6,-0.022,0.363,0.385,-0.17,-0.204,0.374,-0.123,-0.188,-0.294,-0.266,-0.265,-0.226
5.61,-0.023,0.328,0.351,-0.153,-0.187,0.339,-0.12,-0.178,-0.288,-0.265,-0.26,-0.221
5.62,-0.026,0.304,0.33,-0.139,-0.179,0.317,-0.116,-0.171,-0.29,-0.265,-0.257,-0.216
5.63,-0.024,0.3,0.324,-0.138,-0.174,0.311,-0.112,-0.164,-0.293,-0.265,-0.253,-0.212
5.64,-0.025,0.293,0.318,-0.134,-0.172,0.305,-0.109,-0.162,-0.296,-0.265,-0.25,-0.208
5.65,-0.027,0.288,0.315,-0.131,-0.171,0.301,-0.105,-0.165,-0.298,-0.265,-0.244,-0.202
5.66,-0.032,0.282,0.314,-0.125,-0.174,0.298,-0.105,-0.168,-0.302,-0.265,-0.253,-0.215
5.67,-0.042,0.277,0.319,-0.117,-0.181,0.297,-0.103,-0.17,-0.298,-0.265,-0.262,-0.228
5.68,-0.048,0.271,0.319,-0.112,-0.184,0.295,-0.1,-0.177,-0.306,-0.277,-0.258,-0.222
5.69,-0.056,0.265,0.32,-0.105,-0.188,0.292,-0.098,-0.184,-0.317,-0.287,-0.253,-0.219
5.7,-0.053,0.271,0.324,-0.11,-0.188,0.297,-0.107,-0.196,-0.331,-0.301,-0.266,-0.231
5.71,-0.025,0.301,0.325,-0.138,-0.175,0.313,-0.121,-0.207,-0.354,-0.315,-0.282,-0.242
5.72,-0.011,0.312,0.323,-0.151,-0.167,0.317,-0.119,-0.203,-0.355,-0.316,-0.279,-0.244
5.73,-0.008,0.311,0.319,-0.151,-0.164,0.315,-0.12,-0.209,-0.354,-0.32,-0.281,-0.249
5.74,-0.003,0.317,0.321,-0.157,-0.162,0.318,-0.119,-0.221,-0.357,-0.323,-0.279,-0.252
5.75,0.0,0.317,0.318,-0.158,-0.159,0.317,-0.123,-0.227,-0.369,-0.326,-0.286,-0.256
5.76,-0.024,0.322,0.346,-0.15,-0.185,0.334,-0.132,-0.238,-0.376,-0.33,-0.304,-0.263
5.77,-0.046,0.338,0.384,-0.146,-0.215,0.36,-0.131,-0.245,-0.37,-0.338,-0.306,-0.262
5.78,-0.052,0.333,0.386,-0.141,-0.219,0.359,-0.129,-0.245,-0.37,-0.34,-0.31,-0.259
5.79,-0.059,0.324,0.382,-0.133,-0.221,0.353,-0.131,-0.245,-0.37,-0.332,-0.314,-0.26
5.8,-0.049,0.344,0.392,-0.148,-0.221,0.368,-0.13,-0.243,-0.37,-0.331,-0.315,-0.26
5.81,-0.035,0.364,0.399,-0.165,-0.217,0.381,-0.13,-0.235,-0.37,-0.325,-0.308,-0.261
5.82,-0.027,0.366,0.393,-0.17,-0.21,0.379,-0.131,-0.229,-0.368,-0.322,-0.301,-0.259
5.83,-0.03,0.363,0.393,-0.167,-0.212,0.379,-0.127,-0.222,-0.36,-0.315,-0.296,-0.252
5.84,-0.032,0.365,0.397,-0.167,-0.215,0.38,-0.139,-0.215,-0.353,-0.315,-0.292,-0.247
5.85,-0.01,0.381,0.392,-0.186,-0.201,0.386,-0.134,-0.22,-0.349,-0.312,-0.287,-0.241
5.86,0.002,0.428,0.426,-0.215,-0.212,0.427,-0.123,-0.219,-0.336,-0.273,-0.249,-0.243
5.87,0.008,0.473,0.465,-0.24,-0.229,0.468,-0.136,-0.225,-0.32,-0.259,-0.228,-0.246
5.88,0.024,0.464,0.439,-0.244,-0.208,0.451,-0.159,-0.224,-0.3,-0.257,-0.24,-0.244
5.89,0.018,0.452,0.435,-0.235,-0.209,0.444,-0.203,-0.233,-0.328,-0.28,-0.256,-0.247
5.9,0.021,0.446,0.425,-0.234,-0.202,0.435,-0.212,-0.268,-0.373,-0.309,-0.28,-0.242
5.91,0.003,0.426,0.423,-0.215,-0.21,0.424,-0.184,-0.26,-0.375,-0.328,-0.295,-0.251
5.92,-0.061,0.355,0.416,-0.147,-0.239,0.386,-0.164,-0.268,-0.375,-0.322,-0.295,-0.275
5.93,-0.101,0.303,0.405,-0.101,-0.253,0.354,-0.14,-0.251,-0.382,-0.351,-0.318,-0.284
5.94,-0.079,0.315,0.394,-0.118,-0.237,0.355,-0.149,-0.265,-0.396,-0.341,-0.316,-0.276
5.95,-0.053,0.31,0.363,-0.129,-0.208,0.336,-0.143,-0.246,-0.382,-0.342,-0.322,-0.284
5.96,-0.094,0.332,0.426,-0.119,-0.26,0.378,-0.145,-0.259,-0.401,-0.361,-0.321,-0.277
5.97,-0.086,0.272,0.358,-0.093,-0.222,0.315,-0.107,-0.208,-0.347,-0.332,-0.346,-0.307
5.98,-0.045,0.326,0.37,-0.141,-0.208,0.348,0.108,0.309,0.069,-0.342,-0.407,-0.385
5.99,0.131,0.489,0.358,-0.31,-0.114,0.423,0.187,0.814,0.775,0.17,-0.066,-0.146
6.0,0.406,1.083,0.677,-0.745,-0.136,0.88,-0.092,0.553,1.072,1.223,0.916,0.648
6.01,0.271,1.752,1.481,-1.012,-0.605,1.616,-0.508,-0.874,0.404,2.657,1.876,1.312
6.02,-0.233,1.11,1.343,-0.439,-0.789,1.227,-0.666,-1.934,-1.323,1.471,0.863,0.62
6.03,-0.526,0.168,0.694,0.179,-0.61,0.431,-0.674,-1.677,-2.585,-1.625,-0.986,-0.531
6.04,-0.419,-0.08,0.339,0.249,-0.379,0.129,-0.65,-1.126,-1.932,-1.675,-1.097,-0.71
6.05,-0.202,0.046,0.248,0.077,-0.225,0.146,-0.359,-0.466,-0.884,-0.775,-0.634,-0.489
6.06,-0.095,0.242,0.337,-0.074,-0.217,0.29,-0.148,-0.14,-0.395,-0.498,-0.407,-0.332
6.07,-0.095,0.246,0.341,-0.075,-0.218,0.293,-0.12,-0.158,-0.238,-0.308,-0.32,-0.289
6.08,-0.068,0.258,0.326,-0.095,-0.198,0.292,-0.093,-0.115,-0.228,-0.349,-0.328,-0.285
6.09,-0.057,0.255,0.312,-0.1,-0.185,0.284,-0.088,-0.109,-0.157,-0.24,-0.274,-0.252
6.1,-0.088,0.249,0.337,-0.081,-0.212,0.292,-0.075,-0.089,-0.145,-0.264,-0.278,-0.255
6.11,-0.062,0.253,0.315,-0.096,-0.188,0.284,-0.075,-0.078,-0.101,-0.221,-0.242,-0.229
6.12,-0.042,0.245,0.288,-0.102,-0.165,0.266,-0.071,-0.057,-0.064,-0.206,-0.23,-0.208
6.13,-0.046,0.255,0.301,-0.105,-0.174,0.278,-0.068,-0.032,-0.023,-0.17,-0.208,-0.188
6.14,-0.041,0.246,0.287,-0.103,-0.164,0.267,-0.066,-0.009,0.039,-0.126,-0.193,-0.175
6.15,-0.01,0.306,0.316,-0.148,-0.164,0.311,-0.062,0.015,0.084,-0.096,-0.168,-0.159
6.16,0.003,0.36,0.357,-0.182,-0.177,0.359,-0.061,0.062,0.177,-0.033,-0.123,-0.134
6.17,0.007,0.36,0.352,-0.184,-0.173,0.356,-0.059,0.138,0.299,0.019,-0.086,-0.1
6.18,0.05,0.41,0.359,-0.23,-0.155,0.384,-0.062,0.219,0.434,0.12,-0.027,-0.06
6.19,0.088,0.468,0.38,-0.278,-0.146,0.424,-0.058,0.324,0.587,0.228,0.058,-0.002
6.2,0.128,0.535,0.407,-0.332,-0.139,0.47,-0.071,0.423,0.732,0.365,0.165,0.077
6.21,0.188,0.621,0.433,-0.405,-0.123,0.527,-0.117,0.489,0.849,0.502,0.267,0.16
6.22,0.23,0.691,0.461,-0.461,-0.116,0.576,-0.169,0.514,0.899,0.62,0.376,0.253
6.23,0.236,0.727,0.491,-0.482,-0.128,0.609,-0.219,0.484,0.885,0.701,0.462,0.319
6.24,0.255,0.705,0.45,-0.48,-0.098,0.577,-0.248,0.425,0.814,0.706,0.483,0.353
6.25,0.233,0.641,0.408,-0.437,-0.088,0.524,-0.246,0.343,0.694,0.68,0.474,0.354
6.26,0.173,0.551,0.377,-0.362,-0.102,0.464,-0.228,0.238,0.532,0.576,0.406,0.301
6.27,0.12,0.426,0.306,-0.273,-0.093,0.366,-0.191,0.161,0.358,0.408,0.282,0.221
6.28,0.048,0.302,0.254,-0.175,-0.103,0.278,-0.149,0.093,0.205,0.253,0.163,0.13
6.29,0.019,0.236,0.217,-0.127,-0.099,0.226,-0.114,0.023,0.058,0.111,0.041,0.03
6.3,-0.009,0.174,0.183,-0.083,-0.096,0.178,-0.08,-0.02,-0.037,0.014,-0.038,-0.033
6.31,-0.052,0.118,0.17,-0.033,-0.111,0.143,-0.062,-0.054,-0.099,-0.06,-0.087,-0.072
6.32,-0.062,0.096,0.158,-0.017,-0.11,0.127,-0.053,-0.075,-0.148,-0.107,-0.127,-0.102
6.33,-0.041,0.084,0.126,-0.022,-0.084,0.105,-0.043,-0.082,-0.165,-0.125,-0.134,-0.11
6.34,-0.032,0.082,0.115,-0.025,-0.074,0.098,-0.037,-0.09,-0.173,-0.14,-0.14,-0.113
6.35,-0.06,0.075,0.135,-0.008,-0.098,0.105,-0.032,-0.087,-0.169,-0.147,-0.145,-0.118
6.36,-0.056,0.069,0.125,-0.007,-0.09,0.097,-0.029,-0.08,-0.163,-0.154,-0.149,-0.127
6.37,-0.052,0.066,0.118,-0.008,-0.085,0.092,-0.024,-0.077,-0.16,-0.154,-0.148,-0.126
6.38,-0.077,0.031,0.108,0.023,-0.092,0.069,-0.02,-0.069,-0.155,-0.149,-0.144,-0.121
6.39,-0.083,-0.015,0.068,0.048,-0.075,0.027,-0.02,-0.066,-0.151,-0.151,-0.142,-0.119
6.4,-0.082,-0.015,0.067,0.048,-0.074,0.026,-0.02,-0.069,-0.15,-0.147,-0.139,-0.114
6.41,-0.085,-0.015,0.07,0.05,-0.077,0.027,-0.02,-0.072,-0.151,-0.145,-0.136,-0.11
6.42,-0.113,-0.043,0.069,0.078,-0.091,0.013,-0.02,-0.075,-0.15,-0.145,-0.134,-0.11
6.43,-0.103,-0.035,0.068,0.069,-0.085,0.016,-0.02,-0.078,-0.151,-0.151,-0.143,-0.109
6.44,-0.062,0.019,0.081,0.021,-0.072,0.05,-0.022,-0.08,-0.169,-0.173,-0.154,-0.125
6.45,-0.069,0.043,0.112,0.013,-0.091,0.077,-0.027,-0.082,-0.19,-0.185,-0.155,-0.142
6.46,-0.067,0.028,0.095,0.019,-0.081,0.061,-0.03,-0.088,-0.194,-0.185,-0.166,-0.147
6.47,-0.074,0.05,0.123,0.012,-0.099,0.086,-0.038,-0.107,-0.214,-0.208,-0.185,-0.153
6.48,-0.083,0.065,0.149,0.009,-0.116,0.107,-0.043,-0.121,-0.241,-0.223,-0.191,-0.155
6.49,-0.084,0.051,0.135,0.016,-0.11,0.093,-0.037,-0.12,-0.243,-0.215,-0.186,-0.155
6.5,-0.096,0.05,0.145,0.023,-0.121,0.097,-0.032,-0.12,-0.24,-0.212,-0.181,-0.155
6.51,-0.084,0.026,0.11,0.029,-0.097,0.068,-0.029,-0.12,-0.238,-0.208,-0.178,-0.15
6.52,-0.091,-0.02,0.071,0.055,-0.08,0.026,-0.023,-0.12,-0.234,-0.202,-0.172,-0.146
6.53,-0.101,-0.024,0.077,0.062,-0.089,0.026,-0.02,-0.12,-0.232,-0.201,-0.171,-0.143
6.54,-0.102,-0.027,0.076,0.064,-0.088,0.024,-0.025,-0.12,-0.229,-0.205,-0.176,-0.139
6.55,-0.114,-0.033,0.081,0.074,-0.098,0.024,-0.029,-0.125,-0.234,-0.21,-0.179,-0.136
6.56,-0.078,0.001,0.079,0.038,-0.078,0.039,-0.034,-0.133,-0.247,-0.207,-0.177,-0.132
6.57,-0.055,0.018,0.073,0.018,-0.064,0.045,-0.033,-0.133,-0.245,-0.202,-0.174,-0.13
6.58,-0.088,-0.008,0.08,0.047,-0.084,0.036,-0.027,-0.127,-0.235,-0.199,-0.171,-0.13
6.59,-0.095,-0.064,0.031,0.079,-0.063,-0.016,-0.023,-0.124,-0.229,-0.196,-0.168,-0.13
6.6,-0.092,-0.074,0.018,0.083,-0.055,-0.028,-0.018,-0.118,-0.221,-0.193,-0.166,-0.131
6.61,-0.078,-0.05,0.027,0.063,-0.052,-0.011,-0.014,-0.115,-0.214,-0.189,-0.164,-0.13
6.62,-0.07,-0.042,0.028,0.056,-0.048,-0.007,-0.008,-0.102,-0.207,-0.184,-0.159,-0.125
6.63,-0.068,-0.032,0.037,0.05,-0.052,0.002,-0.004,-0.091,-0.202,-0.177,-0.153,-0.12
6.64,-0.027,-0.006,0.021,0.016,-0.024,0.007,0.01,-0.096,-0.2,-0.175,-0.15,-0.115
6.65,-0.007,0.097,0.105,-0.045,-0.056,0.101,0.005,-0.095,-0.196,-0.168,-0.144,-0.111
6.66,0.002,0.206,0.204,-0.104,-0.101,0.205,-0.038,-0.105,-0.193,-0.168,-0.141,-0.106
6.67,0.026,0.232,0.206,-0.13,-0.09,0.219,-0.062,-0.105,-0.187,-0.164,-0.143,-0.107
6.68,0.018,0.23,0.213,-0.124,-0.098,0.221,-0.11,-0.133,-0.214,-0.186,-0.158,-0.126
6.69,0.004,0.22,0.216,-0.112,-0.106,0.218,-0.148,-0.207,-0.275,-0.228,-0.192,-0.149
6.7,-0.026,0.213,0.239,-0.094,-0.133,0.226,-0.115,-0.21,-0.293,-0.257,-0.22,-0.168
6.71,-0.08,0.207,0.286,-0.064,-0.183,0.246,-0.104,-0.221,-0.299,-0.259,-0.229,-0.193
6.72,-0.067,0.198,0.265,-0.066,-0.166,0.231,-0.094,-0.21,-0.312,-0.285,-0.256,-0.215
6.73,-0.061,0.2,0.261,-0.07,-0.161,0.23,-0.093,-0.218,-0.331,-0.294,-0.257,-0.211
6.74,-0.083,0.192,0.275,-0.055,-0.179,0.233,-0.088,-0.217,-0.338,-0.296,-0.262,-0.21
6.75,-0.09,0.207,0.297,-0.059,-0.194,0.252,-0.079,-0.202,-0.331,-0.324,-0.267,-0.202
6.76,-0.077,0.192,0.269,-0.058,-0.173,0.231,-0.083,-0.223,-0.301,-0.283,-0.265,-0.226
6.77,-0.07,0.208,0.278,-0.069,-0.174,0.242,0.104,0.237,0.003,-0.328,-0.342,-0.305
6.78,0.064,0.32,0.255,-0.192,-0.096,0.287,0.244,0.814,0.705,0.068,-0.126,-0.169
6.79,0.39,0.88,0.489,-0.635,-0.05,0.684,0.006,0.742,1.124,0.943,0.679,0.478
6.8,0.336,1.641,1.305,-0.989,-0.485,1.473,-0.417,-0.59,0.658,2.437,1.789,1.295
6.81,-0.133,1.248,1.381,-0.558,-0.758,1.315,-0.639,-1.991,-0.916,2.064,1.314,0.958
6.82,-0.5,0.215,0.716,0.142,-0.608,0.465,-0.667,-1.869,-2.469,-1.085,-0.631,-0.271
6.83,-0.48,-0.182,0.299,0.331,-0.389,0.058,-0.652,-1.247,-2.122,-1.813,-1.129,-0.685
6.84,-0.208,-0.053,0.156,0.13,-0.182,0.051,-0.388,-0.567,-0.972,-0.815,-0.648,-0.48
6.85,-0.088,0.151,0.24,-0.032,-0.164,0.195,-0.12,-0.154,-0.387,-0.499,-0.39,-0.304
6.86,-0.08,0.183,0.263,-0.052,-0.171,0.223,-0.053,-0.162,-0.201,-0.274,-0.252,-0.23
6.87,-0.077,0.137,0.214,-0.03,-0.145,0.175,-0.009,-0.091,-0.165,-0.301,-0.265,-0.225
6.88,-0.08,0.076,0.156,0.002,-0.119,0.116,0.013,-0.059,-0.07,-0.204,-0.206,-0.177
6.89,-0.056,0.06,0.116,-0.002,-0.087,0.088,0.027,-0.016,-0.045,-0.176,-0.192,-0.158
6.9,-0.059,0.024,0.083,0.017,-0.071,0.053,0.052,0.012,0.0,-0.135,-0.164,-0.131
6.91,-0.044,-0.034,0.01,0.039,-0.027,-0.012,0.062,0.044,0.054,-0.097,-0.124,-0.118
6.92,-0.015,0.019,0.034,-0.003,-0.024,0.027,0.059,0.057,0.079,-0.089,-0.106,-0.105
6.93,-0.035,0.063,0.098,-0.015,-0.066,0.08,0.06,0.066,0.122,-0.046,-0.087,-0.088
6.94,-0.031,0.056,0.086,-0.013,-0.059,0.071,0.06,0.122,0.192,-0.015,-0.075,-0.066
6.95,-0.008,0.045,0.053,-0.019,-0.031,0.049,0.061,0.177,0.296,0.06,-0.033,-0.024
6.96,-0.016,0.039,0.055,-0.012,-0.035,0.047,0.081,0.255,0.413,0.13,0.021,0.008
6.97,0.035,0.101,0.066,-0.068,-0.016,0.083,0.084,0.329,0.537,0.214,0.079,0.046
6.98,0.096,0.126,0.03,-0.111,0.033,0.077,0.073,0.453,0.708,0.338,0.168,0.119
6.99,0.126,0.116,-0.011,-0.121,0.068,0.052,0.073,0.585,0.882,0.495,0.292,0.219
7.0,0.192,0.219,0.026,-0.205,0.083,0.122,0.035,0.656,0.991,0.625,0.4,0.304
7.01,0.21,0.282,0.072,-0.246,0.069,0.177,-0.014,0.684,1.061,0.759,0.52,0.402
7.02,0.225,0.288,0.063,-0.257,0.081,0.176,-0.049,0.673,1.067,0.853,0.614,0.492
7.03,0.279,0.336,0.058,-0.308,0.11,0.197,-0.104,0.612,0.991,0.854,0.636,0.516
7.04,0.286,0.337,0.051,-0.312,0.117,0.194,-0.137,0.498,0.849,0.823,0.615,0.495
7.05,0.244,0.288,0.044,-0.266,0.1,0.166,-0.13,0.378,0.674,0.717,0.538,0.439
7.06,0.165,0.202,0.037,-0.183,0.064,0.119,-0.097,0.285,0.494,0.555,0.41,0.344
7.07,0.1,0.079,-0.021,-0.089,0.06,0.029,-0.053,0.209,0.328,0.397,0.281,0.243
7.08,0.044,-0.01,-0.054,-0.016,0.049,-0.032,-0.019,0.136,0.187,0.252,0.178,0.162
7.09,-0.009,-0.04,-0.031,0.025,0.012,-0.036,-0.006,0.068,0.068,0.134,0.078,0.079
7.1,-0.024,-0.039,-0.015,0.032,-0.004,-0.026,-0.003,0.024,-0.016,0.039,-0.01,0.007
7.11,-0.033,-0.035,-0.002,0.034,-0.015,-0.018,0.003,-0.01,-0.071,-0.022,-0.054,-0.034
7.12,-0.043,-0.032,0.012,0.037,-0.027,-0.01,0.009,-0.038,-0.102,-0.053,-0.077,-0.057
7.13,-0.045,-0.027,0.018,0.036,-0.031,-0.004,0.014,-0.053,-0.123,-0.068,-0.091,-0.067
7.14,-0.059,-0.024,0.034,0.041,-0.046,0.005,0.019,-0.058,-0.133,-0.085,-0.099,-0.066
7.15,-0.056,-0.019,0.038,0.037,-0.047,0.009,0.023,-0.057,-0.122,-0.093,-0.108,-0.063
7.16,-0.042,-0.051,-0.01,0.047,-0.016,-0.03,0.025,-0.049,-0.113,-0.09,-0.098,-0.06
7.17,-0.069,-0.121,-0.052,0.095,-0.008,-0.086,0.046,-0.02,-0.102,-0.088,-0.087,-0.058
7.18,-0.089,-0.148,-0.06,0.118,-0.014,-0.104,0.057,-0.004,-0.095,-0.084,-0.091,-0.054
7.19,-0.071,-0.143,-0.072,0.107,0.002,-0.107,0.054,-0.005,-0.096,-0.082,-0.09,-0.058
7.2,-0.066,-0.144,-0.078,0.105,0.006,-0.111,0.056,0.0,-0.095,-0.079,-0.09,-0.06
7.21,-0.065,-0.136,-0.071,0.101,0.003,-0.103,0.055,0.002,-0.096,-0.084,-0.09,-0.06
7.22,-0.064,-0.151,-0.087,0.108,0.012,-0.119,0.055,0.006,-0.094,-0.085,-0.091,-0.06
7.23,-0.063,-0.149,-0.086,0.107,0.012,-0.117,0.051,0.001,-0.099,-0.086,-0.097,-0.06
7.24,-0.054,-0.117,-0.063,0.086,0.005,-0.09,0.05,-0.018,-0.118,-0.106,-0.108,-0.071
7.25,-0.047,-0.112,-0.065,0.08,0.009,-0.088,0.05,-0.037,-0.138,-0.128,-0.126,-0.083
7.26,-0.037,-0.103,-0.066,0.071,0.015,-0.084,0.045,-0.046,-0.154,-0.144,-0.13,-0.085
7.27,-0.061,-0.125,-0.063,0.093,0.001,-0.094,0.045,-0.052,-0.16,-0.146,-0.13,-0.085
7.28,-0.072,-0.154,-0.082,0.113,0.005,-0.118,0.044,-0.058,-0.16,-0.145,-0.13,-0.085
7.29,-0.06,-0.149,-0.088,0.105,0.014,-0.118,0.039,-0.06,-0.161,-0.145,-0.13,-0.084
7.3,-0.079,-0.148,-0.069,0.114,-0.005,-0.108,0.034,-0.071,-0.175,-0.145,-0.13,-0.086
7.31,-0.078,-0.142,-0.064,0.111,-0.007,-0.103,0.03,-0.081,-0.183,-0.145,-0.133,-0.079
7.32,-0.076,-0.142,-0.066,0.109,-0.005,-0.103,0.025,-0.078,-0.178,-0.144,-0.142,-0.084
7.33,-0.082,-0.126,-0.044,0.104,-0.019,-0.085,0.02,-0.088,-0.197,-0.152,-0.144,-0.105
7.34,-0.079,-0.087,-0.008,0.083,-0.035,-0.047,0.016,-0.107,-0.213,-0.165,-0.151,-0.115
7.35,-0.076,-0.055,0.022,0.065,-0.049,-0.016,0.009,-0.118,-0.224,-0.178,-0.17,-0.129
7.36,-0.089,-0.028,0.061,0.058,-0.075,0.016,0.006,-0.131,-0.231,-0.189,-0.175,-0.137
7.37,-0.107,-0.025,0.082,0.066,-0.095,0.029,-0.002,-0.135,-0.23,-0.191,-0.175,-0.138
7.38,-0.118,-0.039,0.079,0.079,-0.098,0.02,-0.005,-0.137,-0.229,-0.189,-0.174,-0.144
7.39,-0.116,-0.035,0.081,0.075,-0.098,0.023,-0.015,-0.141,-0.237,-0.194,-0.178,-0.144
7.4,-0.099,-0.019,0.079,0.059,-0.089,0.03,-0.038,-0.136,-0.256,-0.201,-0.186,-0.141
7.41,-0.089,-0.008,0.081,0.048,-0.085,0.036,-0.041,-0.135,-0.253,-0.195,-0.185,-0.14
7.42,-0.067,0.007,0.074,0.029,-0.07,0.04,-0.039,-0.135,-0.249,-0.191,-0.181,-0.141
7.43,-0.075,0.019,0.094,0.027,-0.085,0.057,-0.04,-0.129,-0.245,-0.185,-0.18,-0.14
7.44,-0.08,0.055,0.135,0.012,-0.108,0.095,-0.039,-0.13,-0.241,-0.178,-0.174,-0.141
7.45,-0.036,0.103,0.14,-0.034,-0.088,0.121,-0.041,-0.128,-0.238,-0.173,-0.177,-0.137
7.46,-0.029,0.107,0.136,-0.04,-0.083,0.121,-0.045,-0.12,-0.231,-0.166,-0.186,-0.127
7.47,-0.013,0.136,0.149,-0.062,-0.081,0.142,-0.045,-0.11,-0.224,-0.158,-0.168,-0.118
7.48,0.001,0.193,0.192,-0.097,-0.096,0.192,-0.044,-0.099,-0.208,-0.148,-0.154,-0.107
7.49,-0.004,0.178,0.182,-0.087,-0.093,0.18,-0.046,-0.095,-0.19,-0.127,-0.155,-0.101
7.5,0.018,0.126,0.108,-0.072,-0.045,0.117,-0.052,-0.082,-0.18,-0.117,-0.155,-0.095
7.51,0.031,0.127,0.096,-0.079,-0.033,0.111,-0.083,-0.132,-0.221,-0.147,-0.157,-0.107
7.52,0.007,0.115,0.108,-0.061,-0.05,0.111,-0.064,-0.164,-0.258,-0.195,-0.16,-0.13
7.53,-0.055,0.047,0.103,0.004,-0.079,0.075,-0.025,-0.166,-0.26,-0.195,-0.158,-0.126
7.54,-0.076,0.001,0.077,0.037,-0.077,0.039,-0.019,-0.171,-0.26,-0.193,-0.177,-0.143
7.55,-0.09,0.007,0.097,0.041,-0.093,0.052,-0.02,-0.167,-0.279,-0.217,-0.205,-0.156
7.56,-0.106,0.015,0.122,0.045,-0.114,0.068,-0.022,-0.185,-0.29,-0.205,-0.208,-0.162
7.57,-0.115,0.063,0.177,0.026,-0.146,0.12,-0.015,-0.157,-0.294,-0.245,-0.232,-0.183
7.58,-0.12,0.041,0.161,0.039,-0.141,0.1,-0.03,-0.186,-0.282,-0.181,-0.226,-0.181
7.59,-0.082,0.014,0.096,0.034,-0.089,0.055,0.111,0.15,-0.054,-0.229,-0.278,-0.238
7.6,0.022,0.131,0.108,-0.077,-0.043,0.119,0.294,0.809,0.587,0.018,-0.163,-0.181
7.61,0.324,0.494,0.17,-0.409,0.077,0.332,0.166,1.013,1.156,0.749,0.487,0.344
7.62,0.423,1.344,0.921,-0.884,-0.249,1.132,-0.249,-0.11,0.912,2.121,1.627,1.213
7.63,0.011,1.327,1.315,-0.669,-0.652,1.321,-0.541,-1.802,-0.469,2.57,1.709,1.247
7.64,-0.464,0.237,0.701,0.113,-0.583,0.469,-0.581,-1.99,-2.227,-0.274,-0.121,0.091
7.65,-0.538,-0.343,0.195,0.44,-0.366,-0.074,-0.602,-1.357,-2.316,-1.861,-1.109,-0.609
7.66,-0.266,-0.324,-0.057,0.295,-0.104,-0.19,-0.393,-0.68,-1.131,-0.885,-0.675,-0.46
7.67,-0.104,-0.173,-0.069,0.139,-0.017,-0.121,-0.07,-0.1,-0.383,-0.428,-0.348,-0.249
7.68,-0.087,-0.145,-0.057,0.117,-0.015,-0.101,0.038,-0.031,-0.112,-0.181,-0.187,-0.153
7.69,-0.077,-0.152,-0.075,0.115,-0.001,-0.113,0.067,0.016,-0.069,-0.179,-0.189,-0.147
7.7,-0.07,-0.126,-0.056,0.099,-0.007,-0.091,0.081,0.035,-0.023,-0.141,-0.162,-0.125
7.71,-0.066,-0.14,-0.073,0.104,0.004,-0.106,0.092,0.049,0.017,-0.094,-0.14,-0.113
7.72,-0.06,-0.146,-0.086,0.103,0.013,-0.116,0.105,0.091,0.055,-0.079,-0.117,-0.099
7.73,-0.043,-0.126,-0.084,0.085,0.021,-0.105,0.11,0.088,0.081,-0.032,-0.091,-0.075
7.74,-0.042,-0.124,-0.082,0.083,0.02,-0.102,0.115,0.13,0.115,-0.036,-0.083,-0.061
7.75,-0.034,-0.121,-0.087,0.078,0.027,-0.104,0.107,0.166,0.182,0.032,-0.042,-0.045
7.76,-0.011,-0.053,-0.042,0.032,0.016,-0.047,0.101,0.174,0.211,0.03,-0.046,-0.043
7.77,-0.008,-0.032,-0.024,0.02,0.008,-0.027,0.094,0.215,0.302,0.083,-0.01,-0.024
7.78,-0.01,-0.029,-0.02,0.02,0.005,-0.025,0.088,0.298,0.425,0.157,0.037,0.014
7.79,0.033,0.004,-0.029,-0.018,0.03,-0.012,0.08,0.385,0.56,0.24,0.094,0.063
7.8,0.074,0.033,-0.041,-0.053,0.057,-0.004,0.075,0.505,0.722,0.36,0.178,0.126
7.81,0.117,0.106,-0.011,-0.112,0.064,0.047,0.066,0.615,0.871,0.478,0.266,0.191
7.82,0.177,0.176,0.0,-0.177,0.088,0.088,0.04,0.705,1.003,0.615,0.379,0.278
7.83,0.221,0.296,0.075,-0.258,0.072,0.185,-0.023,0.737,1.062,0.727,0.475,0.362
7.84,0.262,0.425,0.163,-0.344,0.049,0.294,-0.096,0.701,1.047,0.798,0.547,0.422
7.85,0.283,0.46,0.177,-0.372,0.053,0.318,-0.149,0.631,0.988,0.813,0.575,0.454
7.86,0.254,0.489,0.235,-0.372,0.009,0.362,-0.2,0.512,0.852,0.783,0.555,0.432
7.87,0.218,0.497,0.28,-0.358,-0.031,0.389,-0.204,0.378,0.672,0.702,0.499,0.389
7.88,0.168,0.405,0.237,-0.287,-0.035,0.321,-0.166,0.271,0.497,0.558,0.396,0.309
7.89,0.107,0.278,0.171,-0.193,-0.033,0.224,-0.13,0.193,0.338,0.406,0.275,0.214
7.9,0.067,0.212,0.146,-0.14,-0.04,0.179,-0.095,0.108,0.187,0.257,0.147,0.113
7.91,0.019,0.161,0.142,-0.09,-0.062,0.151,-0.065,0.038,0.058,0.131,0.049,0.025
7.92,-0.021,0.128,0.149,-0.054,-0.086,0.138,-0.037,-0.007,-0.032,0.038,-0.031,-0.03
7.93,-0.045,0.073,0.118,-0.015,-0.082,0.096,-0.019,-0.039,-0.086,-0.013,-0.068,-0.075
7.94,-0.07,0.016,0.086,0.027,-0.079,0.051,-0.011,-0.039,-0.103,-0.033,-0.076,-0.082
7.95,-0.073,0.018,0.091,0.028,-0.083,0.054,-0.004,-0.054,-0.123,-0.06,-0.096,-0.084
7.96,-0.06,0.021,0.08,0.019,-0.07,0.05,0.002,-0.066,-0.133,-0.072,-0.105,-0.096
7.97,-0.063,0.015,0.078,0.024,-0.071,0.046,0.009,-0.056,-0.126,-0.076,-0.111,-0.101
7.98,-0.059,0.011,0.07,0.023,-0.064,0.04,0.015,-0.053,-0.125,-0.08,-0.11,-0.098
7.99,-0.071,0.005,0.077,0.033,-0.074,0.041,0.019,-0.046,-0.121,-0.08,-0.11,-0.095
8.0,-0.084,0.003,0.087,0.04,-0.086,0.044,0.022,-0.042,-0.12,-0.08,-0.11,-0.092
8.01,-0.089,-0.004,0.085,0.046,-0.087,0.04,0.024,-0.036,-0.117,-0.08,-0.11,-0.09
8.02,-0.091,-0.01,0.082,0.05,-0.086,0.035,0.028,-0.03,-0.114,-0.08,-0.108,-0.088
8.03,-0.067,-0.02,0.047,0.044,-0.057,0.013,0.029,-0.025,-0.111,-0.081,-0.105,-0.085
8.04,-0.06,-0.055,0.004,0.057,-0.032,-0.025,0.039,-0.02,-0.109,-0.079,-0.105,-0.085
8.05,-0.059,-0.067,-0.008,0.063,-0.025,-0.037,0.046,-0.013,-0.104,-0.086,-0.102,-0.082
8.06,-0.05,-0.08,-0.03,0.065,-0.01,-0.055,0.045,-0.011,-0.108,-0.092,-0.099,-0.08
8.07,-0.034,-0.091,-0.057,0.063,0.012,-0.074,0.043,-0.027,-0.123,-0.088,-0.102,-0.081
8.08,-0.04,-0.086,-0.046,0.063,0.003,-0.065,0.04,-0.038,-0.136,-0.105,-0.11,-0.086
8.09,-0.047,-0.092,-0.045,0.07,-0.001,-0.068,0.04,-0.047,-0.15,-0.114,-0.111,-0.089
8.1,-0.047,-0.088,-0.042,0.068,-0.003,-0.065,0.044,-0.055,-0.154,-0.109,-0.11,-0.083
8.11,-0.054,-0.092,-0.038,0.073,-0.008,-0.065,0.045,-0.054,-0.149,-0.111,-0.107,-0.08
8.12,-0.041,-0.122,-0.081,0.081,0.02,-0.101,0.046,-0.056,-0.146,-0.106,-0.104,-0.077
8.13,-0.022,-0.13,-0.108,0.076,0.043,-0.119,0.053,-0.059,-0.142,-0.105,-0.105,-0.072
8.14,-0.037,-0.137,-0.1,0.087,0.032,-0.118,0.059,-0.06,-0.138,-0.105,-0.098,-0.07
8.15,-0.052,-0.183,-0.131,0.118,0.04,-0.156,0.073,-0.059,-0.135,-0.098,-0.091,-0.063
8.16,-0.036,-0.203,-0.167,0.119,0.066,-0.185,0.084,-0.046,-0.132,-0.087,-0.084,-0.052
8.17,-0.051,-0.242,-0.19,0.147,0.07,-0.216,0.088,-0.036,-0.127,-0.078,-0.077,-0.043
8.18,-0.056,-0.296,-0.24,0.176,0.092,-0.268,0.097,-0.032,-0.125,-0.072,-0.071,-0.037
8.19,-0.053,-0.307,-0.253,0.18,0.1,-0.28,0.094,-0.027,-0.121,-0.068,-0.066,-0.032
8.2,-0.067,-0.314,-0.248,0.19,0.091,-0.281,0.095,-0.022,-0.117,-0.064,-0.061,-0.029
8.21,-0.054,-0.306,-0.252,0.18,0.1,-0.279,0.096,-0.018,-0.114,-0.06,-0.055,-0.024
8.22,-0.044,-0.293,-0.249,0.168,0.103,-0.271,0.093,-0.011,-0.101,-0.055,-0.051,-0.02
8.23,-0.03,-0.28,-0.25,0.155,0.11,-0.265,0.102,0.006,-0.091,-0.038,-0.032,-0.004
8.24,-0.02,-0.298,-0.278,0.16,0.129,-0.288,0.114,0.029,-0.072,-0.009,-0.004,0.021
8.25,0.009,-0.314,-0.323,0.153,0.166,-0.318,0.149,0.053,-0.048,0.019,0.019,0.043
8.26,0.026,-0.304,-0.33,0.139,0.178,-0.317,0.167,0.081,-0.012,0.055,0.048,0.076
8.27,0.021,-0.284,-0.305,0.132,0.164,-0.295,0.146,0.088,0.009,0.079,0.073,0.087
8.28,0.036,-0.288,-0.324,0.126,0.18,-0.306,0.127,0.089,0.008,0.067,0.064,0.077
8.29,0.03,-0.346,-0.376,0.158,0.203,-0.361,0.094,0.053,-0.016,0.051,0.048,0.074
8.3,0.039,-0.371,-0.409,0.167,0.225,-0.39,0.077,0.012,-0.05,0.042,0.033,0.067
8.31,0.002,-0.4,-0.402,0.199,0.203,-0.401,0.122,0.038,-0.044,0.019,0.017,0.061
8.32,-0.044,-0.448,-0.403,0.246,0.18,-0.425,0.158,0.028,-0.053,0.008,0.008,0.048
8.33,-0.053,-0.448,-0.395,0.251,0.171,-0.421,0.165,0.045,-0.077,-0.03,-0.007,0.031
8.34,-0.078,-0.454,-0.376,0.266,0.149,-0.414,0.151,0.022,-0.094,-0.018,-0.003,0.026
8.35,-0.073,-0.458,-0.385,0.266,0.157,-0.422,0.162,0.043,-0.077,-0.044,-0.023,0.008
8.36,-0.102,-0.439,-0.338,0.271,0.118,-0.388,0.147,0.015,-0.085,-0.038,-0.013,0.015
8.37,-0.071,-0.461,-0.389,0.266,0.16,-0.425,0.195,0.091,-0.023,-0.05,-0.056,-0.031
8.38,-0.016,-0.401,-0.385,0.209,0.185,-0.393,0.399,0.679,0.442,0.012,-0.076,-0.071
8.39,0.194,-0.168,-0.361,-0.013,0.278,-0.264,0.406,1.173,1.112,0.531,0.286,0.186
8.4,0.477,0.558,0.081,-0.517,0.198,0.319,0.088,0.736,1.314,1.565,1.283,0.985
8.41,0.261,1.079,0.818,-0.67,-0.278,0.948,-0.276,-0.983,0.443,2.815,2.081,1.56
8.42,-0.278,0.379,0.657,-0.05,-0.468,0.518,-0.379,-2.031,-1.458,1.223,0.846,0.734
8.43,-0.576,-0.463,0.113,0.519,-0.344,-0.175,-0.431,-1.574,-2.437,-1.497,-0.805,-0.343
8.44,-0.393,-0.679,-0.287,0.536,-0.053,-0.482,-0.399,-0.925,-1.548,-1.228,-0.777,-0.447
8.45,-0.138,-0.503,-0.366,0.321,0.114,-0.434,-0.089,-0.219,-0.521,-0.433,-0.341,-0.228
8.46,-0.083,-0.313,-0.23,0.199,0.074,-0.272,0.085,0.046,-0.107,-0.187,-0.157,-0.113
8.47,-0.074,-0.33,-0.256,0.202,0.091,-0.292,0.12,0.03,-0.005,-0.065,-0.109,-0.082
8.48,-0.08,-0.328,-0.248,0.204,0.084,-0.288,0.16,0.108,0.045,-0.083,-0.086,-0.058
8.49,-0.047,-0.322,-0.275,0.185,0.114,-0.298,0.164,0.118,0.098,-0.004,-0.044,-0.037
8.5,0.002,-0.287,-0.289,0.143,0.146,-0.288,0.162,0.144,0.1,-0.025,-0.045,-0.027
8.51,-0.004,-0.284,-0.28,0.145,0.138,-0.282,0.156,0.142,0.141,0.023,-0.02,-0.01
8.52,-0.021,-0.311,-0.29,0.167,0.135,-0.3,0.154,0.188,0.191,0.042,-0.012,-0.001
8.53,-0.004,-0.278,-0.274,0.141,0.135,-0.276,0.148,0.207,0.235,0.083,0.022,0.014
8.54,-0.011,-0.273,-0.262,0.142,0.125,-0.267,0.161,0.226,0.279,0.113,0.05,0.035
8.55,0.004,-0.29,-0.293,0.143,0.149,-0.291,0.18,0.292,0.371,0.169,0.089,0.073
8.56,0.023,-0.275,-0.298,0.126,0.161,-0.287,0.188,0.346,0.472,0.238,0.129,0.103
8.57,0.036,-0.247,-0.283,0.106,0.16,-0.265,0.187,0.43,0.59,0.303,0.175,0.138
8.58,0.092,-0.213,-0.305,0.061,0.199,-0.259,0.183,0.54,0.743,0.418,0.254,0.197
8.59,0.118,-0.157,-0.275,0.02,0.196,-0.215,0.176,0.648,0.898,0.526,0.328,0.254
8.6,0.163,-0.063,-0.226,-0.05,0.195,-0.144,0.138,0.75,1.033,0.65,0.427,0.326
8.61,0.242,0.044,-0.198,-0.143,0.22,-0.077,0.075,0.811,1.133,0.772,0.532,0.418
8.62,0.271,0.109,-0.162,-0.19,0.216,-0.026,0.017,0.81,1.172,0.887,0.636,0.507
8.63,0.299,0.154,-0.145,-0.226,0.222,0.005,-0.034,0.778,1.139,0.943,0.707,0.573
8.64,0.305,0.201,-0.104,-0.253,0.204,0.048,-0.083,0.689,1.037,0.918,0.702,0.571
8.65,0.278,0.211,-0.068,-0.244,0.173,0.071,-0.1,0.564,0.873,0.864,0.668,0.528
8.66,0.238,0.155,-0.083,-0.197,0.16,0.036,-0.08,0.449,0.697,0.735,0.567,0.458
8.67,0.172,0.068,-0.104,-0.12,0.137,-0.017,-0.042,0.346,0.508,0.567,0.433,0.349
8.68,0.116,-0.024,-0.14,-0.045,0.128,-0.082,0.012,0.263,0.347,0.417,0.313,0.252
8.69,0.054,-0.094,-0.147,0.02,0.101,-0.12,0.045,0.191,0.221,0.284,0.197,0.16
8.7,0.02,-0.164,-0.184,0.072,0.102,-0.173,0.072,0.14,0.134,0.199,0.137,0.097
8.71,-0.005,-0.239,-0.234,0.122,0.114,-0.236,0.108,0.103,0.083,0.137,0.102,0.078
8.72,-0.028,-0.275,-0.248,0.152,0.11,-0.261,0.122,0.077,0.037,0.105,0.068,0.06
8.73,-0.022,-0.291,-0.269,0.157,0.124,-0.28,0.13,0.06,0.018,0.09,0.052,0.046
8.74,-0.02,-0.269,-0.249,0.145,0.115,-0.259,0.117,0.048,-0.009,0.066,0.038,0.035
8.75,-0.025,-0.231,-0.206,0.128,0.091,-0.218,0.1,0.049,-0.027,0.053,0.021,0.025
8.76,-0.035,-0.212,-0.177,0.124,0.071,-0.194,0.1,0.052,-0.024,0.041,0.005,0.015
8.77,-0.034,-0.207,-0.173,0.121,0.07,-0.19,0.1,0.055,-0.026,0.03,0.0,0.005
8.78,-0.033,-0.205,-0.172,0.119,0.07,-0.188,0.1,0.058,-0.022,0.02,-0.003,-0.003
8.79,-0.034,-0.201,-0.167,0.118,0.066,-0.183,0.101,0.061,-0.019,0.012,-0.005,-0.007
8.8,-0.034,-0.203,-0.168,0.119,0.067,-0.185,0.099,0.055,-0.022,0.005,-0.01,-0.013
8.81,-0.02,-0.228,-0.208,0.125,0.094,-0.218,0.098,0.052,-0.022,-0.002,-0.008,-0.018
8.82,-0.017,-0.19,-0.172,0.104,0.078,-0.181,0.086,0.046,-0.035,-0.01,-0.024,-0.026
8.83,-0.029,-0.198,-0.169,0.114,0.071,-0.183,0.092,0.047,-0.029,-0.013,-0.016,-0.007
8.84,-0.026,-0.334,-0.308,0.18,0.141,-0.321,0.136,0.084,0.002,0.018,0.033,0.039
8.85,-0.027,-0.392,-0.365,0.209,0.169,-0.378,0.154,0.094,0.012,0.046,0.049,0.055
8.86,-0.028,-0.43,-0.402,0.229,0.188,-0.416,0.159,0.088,0.009,0.055,0.062,0.064
8.87,-0.03,-0.452,-0.422,0.241,0.196,-0.437,0.161,0.091,0.004,0.055,0.066,0.074
8.88,-0.037,-0.438,-0.401,0.238,0.182,-0.419,0.159,0.085,-0.003,0.052,0.063,0.074
8.89,-0.042,-0.435,-0.393,0.239,0.176,-0.414,0.162,0.086,-0.008,0.049,0.066,0.076
8.9,-0.03,-0.47,-0.44,0.25,0.206,-0.455,0.17,0.083,-0.008,0.053,0.063,0.074
8.91,-0.039,-0.562,-0.523,0.3,0.242,-0.542,0.197,0.101,-0.003,0.071,0.079,0.095
8.92,-0.042,-0.597,-0.555,0.319,0.257,-0.575,0.207,0.117,0.0,0.077,0.093,0.113
8.93,-0.027,-0.592,-0.566,0.31,0.27,-0.579,0.204,0.109,0.003,0.074,0.09,0.105
8.94,-0.042,-0.592,-0.55,0.317,0.254,-0.571,0.203,0.106,0.008,0.076,0.087,0.104
8.95,-0.042,-0.586,-0.544,0.315,0.251,-0.565,0.199,0.101,0.009,0.074,0.083,0.099
8.96,-0.049,-0.583,-0.534,0.317,0.243,-0.558,0.2,0.096,0.015,0.074,0.079,0.094
8.97,-0.04,-0.571,-0.531,0.306,0.246,-0.55,0.206,0.097,0.015,0.08,0.075,0.097
8.98,-0.053,-0.574,-0.521,0.314,0.234,-0.547,0.22,0.105,0.018,0.084,0.077,0.099
8.99,-0.064,-0.581,-0.517,0.323,0.227,-0.549,0.222,0.119,0.041,0.099,0.101,0.116
9.0,-0.001,-0.582,-0.58,0.292,0.29,-0.581,0.226,0.15,0.048,0.111,0.118,0.132
9.01,0.037,-0.573,-0.61,0.268,0.324,-0.591,0.242,0.167,0.07,0.139,0.139,0.149
9.02,0.081,-0.504,-0.585,0.212,0.333,-0.544,0.252,0.162,0.091,0.166,0.159,0.168
9.03,0.084,-0.48,-0.564,0.198,0.325,-0.522,0.249,0.192,0.114,0.183,0.178,0.191
9.04,0.071,-0.556,-0.626,0.243,0.349,-0.591,0.219,0.205,0.138,0.204,0.199,0.198
9.05,0.058,-0.611,-0.669,0.277,0.364,-0.64,0.174,0.155,0.094,0.174,0.177,0.183
9.06,0.053,-0.597,-0.65,0.272,0.352,-0.623,0.163,0.147,0.059,0.134,0.141,0.169
9.07,0.034,-0.6,-0.635,0.283,0.335,-0.617,0.199,0.148,0.05,0.127,0.131,0.14
9.08,-0.024,-0.651,-0.627,0.338,0.302,-0.639,0.213,0.132,0.055,0.13,0.124,0.123
9.09,-0.045,-0.673,-0.627,0.359,0.291,-0.65,0.226,0.143,0.057,0.108,0.116,0.117
9.1,-0.051,-0.737,-0.686,0.394,0.318,-0.711,0.239,0.111,0.05,0.129,0.12,0.113
9.11,-0.053,-0.756,-0.704,0.405,0.326,-0.73,0.251,0.139,0.065,0.092,0.101,0.101
9.12,-0.083,-0.748,-0.665,0.416,0.291,-0.706,0.227,0.087,0.035,0.124,0.118,0.103
9.13,-0.05,-0.782,-0.732,0.416,0.341,-0.757,0.325,0.308,0.171,0.081,0.053,0.078
9.14,0.027,-0.719,-0.746,0.346,0.387,-0.733,0.557,0.931,0.709,0.204,0.081,0.072
9.15,0.282,-0.448,-0.73,0.083,0.507,-0.589,0.476,1.278,1.325,0.821,0.586,0.454
9.16,0.503,0.329,-0.174,-0.416,0.338,0.078,0.132,0.631,1.421,2.058,1.686,1.324
9.17,0.177,0.579,0.401,-0.378,-0.112,0.49,-0.149,-1.042,0.373,2.965,2.123,1.587
9.18,-0.378,-0.273,0.104,0.326,-0.241,-0.084,-0.193,-1.72,-1.53,0.694,0.541,0.558
9.19,-0.553,-0.982,-0.43,0.768,-0.061,-0.706,-0.218,-1.194,-2.137,-1.458,-0.726,-0.269
9.2,-0.298,-1.133,-0.836,0.716,0.269,-0.984,-0.175,-0.588,-1.115,-0.806,-0.467,-0.224
9.21,-0.087,-0.958,-0.871,0.523,0.392,-0.914,0.123,0.072,-0.232,-0.214,-0.109,-0.015
9.22,-0.059,-0.858,-0.799,0.459,0.37,-0.828,0.289,0.278,0.135,0.077,0.1,0.129
9.23,-0.063,-0.863,-0.8,0.463,0.369,-0.831,0.311,0.257,0.206,0.135,0.126,0.141
9.24,-0.046,-0.838,-0.792,0.443,0.373,-0.815,0.324,0.299,0.245,0.13,0.137,0.143
9.25,-0.028,-0.845,-0.817,0.437,0.395,-0.831,0.321,0.301,0.288,0.19,0.168,0.169
9.26,-0.03,-0.834,-0.804,0.432,0.387,-0.819,0.33,0.324,0.308,0.17,0.164,0.187
9.27,-0.026,-0.829,-0.803,0.428,0.389,-0.816,0.327,0.33,0.347,0.22,0.192,0.202
9.28,-0.009,-0.828,-0.819,0.419,0.405,-0.823,0.335,0.362,0.39,0.226,0.211,0.216
9.29,0.028,-0.832,-0.86,0.402,0.444,-0.845,0.34,0.403,0.459,0.292,0.252,0.244
9.3,0.036,-0.803,-0.84,0.384,0.438,-0.821,0.336,0.425,0.5,0.317,0.267,0.255
9.31,0.061,-0.761,-0.822,0.35,0.441,-0.791,0.334,0.452,0.567,0.352,0.282,0.264
9.32,0.085,-0.739,-0.824,0.328,0.455,-0.781,0.329,0.519,0.67,0.426,0.328,0.296
9.33,0.104,-0.727,-0.831,0.312,0.468,-0.779,0.326,0.608,0.806,0.511,0.394,0.35
9.34,0.16,-0.675,-0.835,0.257,0.498,-0.755,0.32,0.699,0.952,0.603,0.457,0.396
9.35,0.197,-0.633,-0.83,0.218,0.514,-0.731,0.303,0.815,1.113,0.73,0.557,0.475
9.36,0.235,-0.54,-0.775,0.152,0.505,-0.657,0.253,0.905,1.241,0.864,0.664,0.555
9.37,0.286,-0.419,-0.704,0.067,0.495,-0.561,0.199,0.941,1.309,0.972,0.755,0.625
9.38,0.34,-0.418,-0.758,0.039,0.549,-0.588,0.161,0.966,1.358,1.101,0.875,0.74
9.39,0.345,-0.441,-0.786,0.048,0.565,-0.613,0.119,0.94,1.328,1.156,0.939,0.803
9.4,0.335,-0.441,-0.776,0.053,0.556,-0.608,0.109,0.847,1.209,1.123,0.936,0.796
9.41,0.329,-0.459,-0.788,0.065,0.558,-0.623,0.109,0.737,1.061,1.061,0.884,0.76
9.42,0.265,-0.52,-0.786,0.128,0.525,-0.653,0.116,0.641,0.888,0.923,0.772,0.677
9.43,0.185,-0.619,-0.804,0.218,0.495,-0.712,0.161,0.557,0.715,0.762,0.643,0.571
9.44,0.123,-0.698,-0.821,0.288,0.473,-0.759,0.207,0.475,0.559,0.617,0.524,0.472
9.45,0.083,-0.723,-0.806,0.321,0.444,-0.764,0.226,0.395,0.429,0.479,0.419,0.383
9.46,0.054,-0.731,-0.785,0.339,0.419,-0.758,0.236,0.335,0.323,0.375,0.33,0.316
9.47,0.041,-0.738,-0.779,0.349,0.41,-0.759,0.245,0.3,0.254,0.306,0.278,0.274
9.48,0.004,-0.766,-0.77,0.381,0.387,-0.768,0.246,0.272,0.226,0.27,0.245,0.252
9.49,-0.001,-0.762,-0.761,0.382,0.38,-0.761,0.243,0.258,0.2,0.249,0.232,0.243
9.5,0.027,-0.731,-0.757,0.352,0.392,-0.744,0.251,0.261,0.195,0.24,0.225,0.232
9.51,0.013,-0.736,-0.749,0.362,0.381,-0.742,0.265,0.259,0.194,0.227,0.215,0.222
9.52,0.013,-0.734,-0.748,0.361,0.381,-0.741,0.266,0.26,0.195,0.218,0.215,0.218
9.53,0.01,-0.726,-0.736,0.358,0.373,-0.731,0.264,0.259,0.195,0.21,0.215,0.214
9.54,-0.002,-0.743,-0.741,0.373,0.37,-0.742,0.265,0.26,0.194,0.206,0.215,0.212
9.55,0.012,-0.785,-0.797,0.387,0.405,-0.791,0.28,0.28,0.214,0.229,0.215,0.206
9.56,0.004,-0.799,-0.803,0.397,0.404,-0.801,0.286,0.283,0.216,0.232,0.215,0.205
9.57,-0.015,-0.79,-0.775,0.402,0.381,-0.782,0.278,0.272,0.204,0.22,0.212,0.209
9.58,0.003,-0.793,-0.796,0.395,0.4,-0.794,0.278,0.268,0.198,0.216,0.209,0.211
9.59,0.033,-0.782,-0.816,0.375,0.425,-0.799,0.271,0.259,0.19,0.205,0.21,0.215
9.6,0.028,-0.792,-0.819,0.382,0.424,-0.805,0.271,0.256,0.185,0.203,0.209,0.217
9.61,0.005,-0.823,-0.829,0.409,0.417,-0.826,0.274,0.253,0.179,0.209,0.21,0.222
9.62,0.005,-0.835,-0.84,0.415,0.423,-0.837,0.279,0.25,0.175,0.204,0.209,0.224
9.63,0.008,-0.861,-0.869,0.427,0.439,-0.865,0.293,0.247,0.171,0.197,0.206,0.221
9.64,0.0,-0.87,-0.869,0.435,0.434,-0.869,0.295,0.245,0.166,0.19,0.204,0.219
9.65,-0.007,-0.872,-0.865,0.439,0.429,-0.868,0.295,0.242,0.162,0.184,0.206,0.217
9.66,-0.003,-0.859,-0.856,0.431,0.427,-0.857,0.298,0.239,0.16,0.178,0.204,0.213
9.67,0.003,-0.852,-0.855,0.424,0.429,-0.853,0.3,0.239,0.159,0.183,0.207,0.218
9.68,0.023,-0.887,-0.91,0.432,0.467,-0.898,0.299,0.24,0.16,0.206,0.224,0.238
9.69,0.028,-0.882,-0.91,0.427,0.47,-0.896,0.295,0.24,0.16,0.21,0.224,0.238
9.7,0.005,-0.858,-0.863,0.427,0.434,-0.861,0.295,0.241,0.16,0.21,0.22,0.233
9.71,0.016,-0.831,-0.846,0.408,0.431,-0.838,0.288,0.245,0.168,0.21,0.219,0.232
9.72,0.055,-0.802,-0.857,0.373,0.457,-0.829,0.29,0.253,0.174,0.212,0.214,0.225
9.73,0.069,-0.767,-0.836,0.35,0.452,-0.801,0.28,0.26,0.18,0.221,0.218,0.227
9.74,0.076,-0.728,-0.804,0.327,0.44,-0.766,0.295,0.262,0.198,0.24,0.248,0.258
9.75,0.11,-0.745,-0.855,0.318,0.482,-0.8,0.315,0.29,0.241,0.291,0.296,0.301
9.76,0.116,-0.822,-0.938,0.354,0.527,-0.88,0.287,0.307,0.268,0.298,0.305,0.314
9.77,0.106,-0.882,-0.988,0.389,0.547,-0.935,0.272,0.276,0.238,0.281,0.29,0.303
9.78,0.092,-0.946,-1.038,0.427,0.565,-0.992,0.278,0.265,0.226,0.281,0.277,0.296
9.79,0.036,-0.977,-1.013,0.47,0.525,-0.995,0.319,0.267,0.199,0.247,0.262,0.282
9.8,0.021,-0.959,-0.98,0.469,0.5,-0.969,0.337,0.24,0.171,0.226,0.238,0.246
9.81,0.016,-0.951,-0.967,0.468,0.492,-0.959,0.337,0.23,0.171,0.19,0.198,0.221
9.82,0.005,-0.96,-0.965,0.478,0.485,-0.962,0.33,0.208,0.166,0.219,0.214,0.228
9.83,0.001,-0.967,-0.968,0.484,0.485,-0.967,0.342,0.246,0.183,0.184,0.2,0.213
9.84,-0.014,-0.977,-0.964,0.496,0.476,-0.971,0.323,0.214,0.157,0.209,0.217,0.223
9.85,0.018,-1.06,-1.078,0.522,0.549,-1.069,0.382,0.377,0.27,0.187,0.176,0.188
9.86,0.057,-0.968,-1.025,0.456,0.542,-0.997,0.587,0.929,0.751,0.256,0.145,0.13
9.87,0.275,-0.655,-0.93,0.19,0.603,-0.792,0.538,1.253,1.347,0.845,0.591,0.47
9.88,0.486,0.059,-0.426,-0.273,0.456,-0.183,0.208,0.791,1.53,2.029,1.66,1.311
9.89,0.217,0.361,0.143,-0.289,0.037,0.252,-0.03,-0.627,0.711,3.162,2.221,1.639
9.9,-0.312,-0.478,-0.165,0.395,-0.073,-0.321,0.001,-1.41,-1.142,1.112,0.731,0.657
9.91,-0.511,-1.141,-0.63,0.826,0.06,-0.885,-0.1,-1.052,-2.027,-1.375,-0.675,-0.215
9.92,-0.28,-1.284,-1.005,0.782,0.363,-1.144,-0.143,-0.515,-1.148,-0.843,-0.456,-0.176
9.93,-0.076,-1.161,-1.085,0.619,0.505,-1.123,0.158,0.119,-0.237,-0.193,-0.082,0.03
9.94,-0.012,-0.981,-0.97,0.496,0.479,-0.975,0.302,0.34,0.174,0.107,0.147,0.186
9.95,0.001,-0.965,-0.965,0.482,0.483,-0.965,0.319,0.316,0.262,0.207,0.184,0.205
9.96,-0.003,-0.928,-0.924,0.466,0.461,-0.926,0.338,0.336,0.277,0.177,0.164,0.193
9.97,0.026,-0.915,-0.942,0.445,0.484,-0.928,0.33,0.326,0.329,0.253,0.204,0.214
9.98,0.026,-0.91,-0.937,0.442,0.482,-0.924,0.339,0.354,0.342,0.218,0.199,0.213
9.99,0.028,-0.899,-0.927,0.436,0.478,-0.913,0.329,0.347,0.393,0.295,0.239,0.236
